"../../../Engine/Plugins/Interchange/Runtime/Content/Pipelines/DefaultTexturePipeline.uasset" 0
"../../../Engine/Plugins/Interchange/Runtime/Content/Pipelines/DefaultTexturePipeline.uexp" 1
"../../../Engine/Plugins/Interchange/Runtime/Content/Pipelines/DefaultSceneLevelPipeline.uasset" 2
"../../../Engine/Plugins/Interchange/Runtime/Content/Pipelines/DefaultSceneLevelPipeline.uexp" 3
"../../../Engine/Plugins/Interchange/Runtime/Content/Pipelines/DefaultSceneAssetsPipeline.uasset" 4
"../../../Engine/Plugins/Interchange/Runtime/Content/Pipelines/DefaultSceneAssetsPipeline.uexp" 5
"../../../Engine/Plugins/Interchange/Runtime/Content/Pipelines/DefaultMaterialXPipeline.uasset" 6
"../../../Engine/Plugins/Interchange/Runtime/Content/Pipelines/DefaultMaterialXPipeline.uexp" 7
"../../../Engine/Plugins/Interchange/Runtime/Content/Pipelines/DefaultMaterialPipeline.uasset" 8
"../../../Engine/Plugins/Interchange/Runtime/Content/Pipelines/DefaultMaterialPipeline.uexp" 9
"../../../Engine/Plugins/Interchange/Runtime/Content/Pipelines/DefaultGLTFSceneAssetsPipeline.uasset" 10
"../../../Engine/Plugins/Interchange/Runtime/Content/Pipelines/DefaultGLTFSceneAssetsPipeline.uexp" 11
"../../../Engine/Plugins/Interchange/Runtime/Content/Pipelines/DefaultGLTFPipeline.uasset" 12
"../../../Engine/Plugins/Interchange/Runtime/Content/Pipelines/DefaultGLTFPipeline.uexp" 13
"../../../Engine/Plugins/Interchange/Runtime/Content/Pipelines/DefaultGLTFAssetsPipeline.uasset" 14
"../../../Engine/Plugins/Interchange/Runtime/Content/Pipelines/DefaultGLTFAssetsPipeline.uexp" 15
"../../../Engine/Plugins/Interchange/Runtime/Content/Pipelines/DefaultAssetsPipeline.uasset" 16
"../../../Engine/Plugins/Interchange/Runtime/Content/Pipelines/DefaultAssetsPipeline.uexp" 17
"../../../Engine/Plugins/Animation/ControlRig/Content/Controls/DefaultGizmoLibraryNormalized.uasset" 18
"../../../Engine/Plugins/Animation/ControlRig/Content/Controls/DefaultGizmoLibraryNormalized.uexp" 19
"../../../Engine/Plugins/Animation/ACLPlugin/Content/ACLAnimCurveCompressionSettings.uasset" 20
"../../../Engine/Plugins/Animation/ACLPlugin/Content/ACLAnimCurveCompressionSettings.uexp" 21
"../../../Engine/Plugins/Animation/ACLPlugin/Content/ACLAnimBoneCompressionSettings.uasset" 22
"../../../Engine/Plugins/Animation/ACLPlugin/Content/ACLAnimBoneCompressionSettings.uexp" 23
"../../../Engine/Plugins/2D/Paper2D/Content/PlaceholderTextures/DummySpriteTexture.ubulk" 24
"../../../Engine/Plugins/2D/Paper2D/Content/PlaceholderTextures/DummySpriteTexture.uasset" 25
"../../../Engine/Plugins/2D/Paper2D/Content/PlaceholderTextures/DummySpriteTexture.uexp" 26
"../../../Engine/Plugins/2D/Paper2D/Content/DummySprite.uasset" 27
"../../../Engine/Plugins/2D/Paper2D/Content/DummySprite.uexp" 28
"../../../Engine/Plugins/2D/Paper2D/Content/DefaultPaperTerrainMaterial.uasset" 29
"../../../Engine/Plugins/2D/Paper2D/Content/DefaultPaperTerrainMaterial.uexp" 30
"../../../Engine/Content/MobileResources/HUD/VirtualJoystick_Background.uasset" 31
"../../../Engine/Content/MobileResources/HUD/VirtualJoystick_Background.uexp" 32
"../../../Engine/Content/MobileResources/HUD/VirtualJoystick_Thumb.uasset" 33
"../../../Engine/Content/MobileResources/HUD/VirtualJoystick_Thumb.uexp" 34
"../../../Engine/Content/MobileResources/HUD/DefaultVirtualJoysticks.uasset" 35
"../../../Engine/Content/MobileResources/HUD/DefaultVirtualJoysticks.uexp" 36
"../../../Engine/Content/EngineSounds/Master.uasset" 37
"../../../Engine/Content/EngineSounds/Master.uexp" 38
"../../../Engine/Content/EngineMaterials/DefaultPhysicalMaterial.uasset" 39
"../../../Engine/Content/EngineMaterials/DefaultPhysicalMaterial.uexp" 40
"../../../Engine/Content/EngineMaterials/DefaultDestructiblePhysicalMaterial.uasset" 41
"../../../Engine/Content/EngineMaterials/DefaultDestructiblePhysicalMaterial.uexp" 42
"../../../Engine/Content/EngineFonts/Faces/RobotoLight.uexp" 43
"../../../Engine/Content/EngineFonts/Faces/RobotoLight.uasset" 44
"../../../Engine/Content/EngineFonts/Faces/RobotoLight.ufont" 45
"../../../Engine/Content/EngineFonts/Faces/RobotoBold.uexp" 46
"../../../Engine/Content/EngineFonts/Faces/RobotoBold.uasset" 47
"../../../Engine/Content/EngineFonts/Faces/RobotoBold.ufont" 48
"../../../Engine/Content/EngineFonts/Faces/RobotoRegular.uexp" 49
"../../../Engine/Content/EngineFonts/Faces/RobotoRegular.uasset" 50
"../../../Engine/Content/EngineFonts/Faces/RobotoRegular.ufont" 51
"../../../Engine/Content/EngineFonts/Faces/DroidSansFallback.uexp" 52
"../../../Engine/Content/EngineFonts/Faces/DroidSansFallback.uasset" 53
"../../../Engine/Content/EngineFonts/Faces/DroidSansFallback.ufont" 54
"../../../Engine/Content/EngineFonts/Faces/RobotoItalic.uexp" 55
"../../../Engine/Content/EngineFonts/Faces/RobotoItalic.uasset" 56
"../../../Engine/Content/EngineFonts/Faces/RobotoItalic.ufont" 57
"../../../Engine/Content/EngineFonts/Faces/RobotoBoldItalic.uexp" 58
"../../../Engine/Content/EngineFonts/Faces/RobotoBoldItalic.uasset" 59
"../../../Engine/Content/EngineFonts/Faces/RobotoBoldItalic.ufont" 60
"../../../Engine/Content/EngineFonts/Roboto.uasset" 61
"../../../Engine/Content/EngineFonts/Roboto.uexp" 62
"../../../Engine/Content/Animation/DefaultRecorderBoneCompression.uasset" 63
"../../../Engine/Content/Animation/DefaultRecorderBoneCompression.uexp" 64
"../../../Engine/Content/EditorResources/S_Actor.ubulk" 65
"../../../Engine/Content/EditorResources/S_Actor.uasset" 66
"../../../Engine/Content/EditorResources/S_Actor.uexp" 67
"../../../Engine/Plugins/Runtime/AudioWidgets/Content/Resources/ScrubHandleDown_Clamped.uasset" 68
"../../../Engine/Plugins/Runtime/AudioWidgets/Content/Resources/ScrubHandleDown_Clamped.uexp" 69
"../../../Engine/Plugins/Fab/Content/Placeholders/FabLogo.ubulk" 70
"../../../Engine/Plugins/Fab/Content/Placeholders/FabLogo.uasset" 71
"../../../Engine/Plugins/Fab/Content/Placeholders/FabLogo.uexp" 72
"../../../Engine/Content/EngineResources/GradientTexture0.uasset" 73
"../../../Engine/Content/EngineResources/GradientTexture0.uexp" 74
"../../../Engine/Content/EngineResources/DefaultTexture.ubulk" 75
"../../../Engine/Content/EngineResources/DefaultTexture.uasset" 76
"../../../Engine/Content/EngineResources/DefaultTexture.uexp" 77
"../../../Engine/Content/EngineResources/Black.uasset" 78
"../../../Engine/Content/EngineResources/Black.uexp" 79
"../../../Engine/Content/EngineResources/FilmGrains/Marcie_Grain_v3_128_M2_000.uasset" 80
"../../../Engine/Content/EngineResources/FilmGrains/Marcie_Grain_v3_128_M2_000.uexp" 81
"../../../Engine/Content/EngineMaterials/PreintegratedSkinBRDF.uasset" 82
"../../../Engine/Content/EngineMaterials/PreintegratedSkinBRDF.uexp" 83
"../../../Engine/Content/EngineMaterials/MiniFont.uasset" 84
"../../../Engine/Content/EngineMaterials/MiniFont.uexp" 85
"../../../Engine/Content/EngineMaterials/FastBlueNoise_vec2_128x128x64.uasset" 86
"../../../Engine/Content/EngineMaterials/FastBlueNoise_vec2_128x128x64.uexp" 87
"../../../Engine/Content/EngineMaterials/FastBlueNoise_scalar_128x128x64.uasset" 88
"../../../Engine/Content/EngineMaterials/FastBlueNoise_scalar_128x128x64.uexp" 89
"../../../Engine/Content/EngineMaterials/DefaultWhiteGrid.ubulk" 90
"../../../Engine/Content/EngineMaterials/DefaultWhiteGrid.uasset" 91
"../../../Engine/Content/EngineMaterials/DefaultWhiteGrid.uexp" 92
"../../../Engine/Content/EngineMaterials/DefaultBokeh.uasset" 93
"../../../Engine/Content/EngineMaterials/DefaultBokeh.uexp" 94
"../../../Engine/Content/EngineMaterials/DefaultBloomKernel.uasset" 95
"../../../Engine/Content/EngineMaterials/DefaultBloomKernel.uexp" 96
"../../../Engine/Content/EngineMaterials/LTC/Sheen_LTC.uasset" 97
"../../../Engine/Content/EngineMaterials/LTC/Sheen_LTC.uexp" 98
"../../../Engine/Content/EngineMaterials/LTC/GGX_LTCMat.uasset" 99
"../../../Engine/Content/EngineMaterials/LTC/GGX_LTCMat.uexp" 100
"../../../Engine/Content/EngineMaterials/LTC/GGX_LTCAmp.uasset" 101
"../../../Engine/Content/EngineMaterials/LTC/GGX_LTCAmp.uexp" 102
"../../../Engine/Content/EngineMaterials/EnergyConservation/Sheen_Energy.uasset" 103
"../../../Engine/Content/EngineMaterials/EnergyConservation/Sheen_Energy.uexp" 104
"../../../Engine/Content/EngineMaterials/EnergyConservation/SheenLegacy_Energy.uasset" 105
"../../../Engine/Content/EngineMaterials/EnergyConservation/SheenLegacy_Energy.uexp" 106
"../../../Engine/Content/EngineMaterials/EnergyConservation/GGX_TransmissionEnergyArray.uasset" 107
"../../../Engine/Content/EngineMaterials/EnergyConservation/GGX_TransmissionEnergyArray.uexp" 108
"../../../Engine/Content/EngineMaterials/EnergyConservation/GGX_ReflectionEnergy.uasset" 109
"../../../Engine/Content/EngineMaterials/EnergyConservation/GGX_ReflectionEnergy.uexp" 110
"../../../Engine/Content/EngineMaterials/EnergyConservation/Diffuse_Energy.uasset" 111
"../../../Engine/Content/EngineMaterials/EnergyConservation/Diffuse_Energy.uexp" 112
"../../../Engine/Content/EngineDamageTypes/DmgTypeBP_Environmental.uasset" 113
"../../../Engine/Content/EngineDamageTypes/DmgTypeBP_Environmental.uexp" 114
"../../../Engine/Content/EditorResources/S_TriggerSphere.uasset" 115
"../../../Engine/Content/EditorResources/S_TriggerSphere.uexp" 116
"../../../Engine/Content/EditorResources/S_TriggerCapsule.uasset" 117
"../../../Engine/Content/EditorResources/S_TriggerCapsule.uexp" 118
"../../../Engine/Content/EditorResources/S_TriggerBox.uasset" 119
"../../../Engine/Content/EditorResources/S_TriggerBox.uexp" 120
"../../../Engine/Content/EditorResources/S_Trigger.ubulk" 121
"../../../Engine/Content/EditorResources/S_Trigger.uasset" 122
"../../../Engine/Content/EditorResources/S_Trigger.uexp" 123
"../../../Engine/Content/EditorResources/S_Terrain.ubulk" 124
"../../../Engine/Content/EditorResources/S_Terrain.uasset" 125
"../../../Engine/Content/EditorResources/S_Terrain.uexp" 126
"../../../Engine/Content/EditorResources/S_Solver.ubulk" 127
"../../../Engine/Content/EditorResources/S_Solver.uasset" 128
"../../../Engine/Content/EditorResources/S_Solver.uexp" 129
"../../../Engine/Content/EditorResources/S_BoxReflectionCapture.uasset" 130
"../../../Engine/Content/EditorResources/S_BoxReflectionCapture.uexp" 131
"../../../Engine/Content/EditorResources/EmptyActor.uasset" 132
"../../../Engine/Content/EditorResources/EmptyActor.uexp" 133
"../../../Engine/Content/EditorResources/BSPVertex.uasset" 134
"../../../Engine/Content/EditorResources/BSPVertex.uexp" 135
"../../../Engine/Content/EditorResources/SequenceRecorder/RecordingIndicator.uasset" 136
"../../../Engine/Content/EditorResources/SequenceRecorder/RecordingIndicator.uexp" 137
"../../../Engine/Content/EditorResources/SequenceRecorder/Countdown.uasset" 138
"../../../Engine/Content/EditorResources/SequenceRecorder/Countdown.uexp" 139
"../../../Engine/Content/EditorMaterials/ParticleSystems/PSysThumbnail_OOD.ubulk" 140
"../../../Engine/Content/EditorMaterials/ParticleSystems/PSysThumbnail_OOD.uasset" 141
"../../../Engine/Content/EditorMaterials/ParticleSystems/PSysThumbnail_OOD.uexp" 142
"../../../Engine/Content/EditorMaterials/ParticleSystems/PSysThumbnail_NoImage.ubulk" 143
"../../../Engine/Content/EditorMaterials/ParticleSystems/PSysThumbnail_NoImage.uasset" 144
"../../../Engine/Content/EditorMaterials/ParticleSystems/PSysThumbnail_NoImage.uexp" 145
"../../../Engine/Content/EditorLandscapeResources/DefaultAlphaTexture.uasset" 146
"../../../Engine/Content/EditorLandscapeResources/DefaultAlphaTexture.uexp" 147
"E:/Gamedev/MainPrj/AdvancedUI/Content/UI/CommonInputData/DT_CommonInputKeyMapping.uasset" 148
"E:/Gamedev/MainPrj/AdvancedUI/Content/UI/CommonInputData/DT_CommonInputKeyMapping.uexp" 149
"E:/Gamedev/MainPrj/AdvancedUI/Content/UI/CommonInputData/InputData_Default.uasset" 150
"E:/Gamedev/MainPrj/AdvancedUI/Content/UI/CommonInputData/InputData_Default.uexp" 151
"E:/Gamedev/MainPrj/AdvancedUI/Content/Assets/Textures/T_UI_Clear_Icon.uasset" 152
"E:/Gamedev/MainPrj/AdvancedUI/Content/Assets/Textures/T_UI_Clear_Icon.uexp" 153
"E:/Gamedev/MainPrj/AdvancedUI/Content/Assets/Textures/T_RightArrow.uasset" 154
"E:/Gamedev/MainPrj/AdvancedUI/Content/Assets/Textures/T_RightArrow.uexp" 155
"E:/Gamedev/MainPrj/AdvancedUI/Content/Assets/Textures/T_LeftArrow.uasset" 156
"E:/Gamedev/MainPrj/AdvancedUI/Content/Assets/Textures/T_LeftArrow.uexp" 157
"E:/Gamedev/MainPrj/AdvancedUI/Content/Assets/ControllerIcons/MouseKeyboard/Mouse_Right_Key_Dark.uasset" 158
"E:/Gamedev/MainPrj/AdvancedUI/Content/Assets/ControllerIcons/MouseKeyboard/Mouse_Right_Key_Dark.uexp" 159
"E:/Gamedev/MainPrj/AdvancedUI/Content/Assets/ControllerIcons/MouseKeyboard/Space_Key_Dark.uasset" 160
"E:/Gamedev/MainPrj/AdvancedUI/Content/Assets/ControllerIcons/MouseKeyboard/Space_Key_Dark.uexp" 161
"E:/Gamedev/MainPrj/AdvancedUI/Content/Assets/ControllerIcons/MouseKeyboard/E_Key_Dark.uasset" 162
"E:/Gamedev/MainPrj/AdvancedUI/Content/Assets/ControllerIcons/MouseKeyboard/E_Key_Dark.uexp" 163
"E:/Gamedev/MainPrj/AdvancedUI/Content/Assets/ControllerIcons/MouseKeyboard/Q_Key_Dark.uasset" 164
"E:/Gamedev/MainPrj/AdvancedUI/Content/Assets/ControllerIcons/MouseKeyboard/Q_Key_Dark.uexp" 165
"E:/Gamedev/MainPrj/AdvancedUI/Content/Assets/ControllerIcons/MouseKeyboard/Del_Key_Dark.uasset" 166
"E:/Gamedev/MainPrj/AdvancedUI/Content/Assets/ControllerIcons/MouseKeyboard/Del_Key_Dark.uexp" 167
"E:/Gamedev/MainPrj/AdvancedUI/Content/Assets/ControllerIcons/MouseKeyboard/Esc_Key_Dark.uasset" 168
"E:/Gamedev/MainPrj/AdvancedUI/Content/Assets/ControllerIcons/MouseKeyboard/Esc_Key_Dark.uexp" 169
"E:/Gamedev/MainPrj/AdvancedUI/Content/Assets/ControllerIcons/MouseKeyboard/Mouse_Left_Key_Dark.uasset" 170
"E:/Gamedev/MainPrj/AdvancedUI/Content/Assets/ControllerIcons/MouseKeyboard/Mouse_Left_Key_Dark.uexp" 171
"E:/Gamedev/MainPrj/AdvancedUI/Content/UI/CommonInputData/ControllerData/ControllerData_MouseAndKeyboard.uasset" 172
"E:/Gamedev/MainPrj/AdvancedUI/Content/UI/CommonInputData/ControllerData/ControllerData_MouseAndKeyboard.uexp" 173
"E:/Gamedev/MainPrj/AdvancedUI/Content/Assets/ControllerIcons/PS4/PS4_Triangle.uasset" 174
"E:/Gamedev/MainPrj/AdvancedUI/Content/Assets/ControllerIcons/PS4/PS4_Triangle.uexp" 175
"E:/Gamedev/MainPrj/AdvancedUI/Content/Assets/ControllerIcons/PS4/PS4_Square.uasset" 176
"E:/Gamedev/MainPrj/AdvancedUI/Content/Assets/ControllerIcons/PS4/PS4_Square.uexp" 177
"E:/Gamedev/MainPrj/AdvancedUI/Content/Assets/ControllerIcons/PS4/PS4_R1.uasset" 178
"E:/Gamedev/MainPrj/AdvancedUI/Content/Assets/ControllerIcons/PS4/PS4_R1.uexp" 179
"E:/Gamedev/MainPrj/AdvancedUI/Content/Assets/ControllerIcons/PS4/PS4_L2.uasset" 180
"E:/Gamedev/MainPrj/AdvancedUI/Content/Assets/ControllerIcons/PS4/PS4_L2.uexp" 181
"E:/Gamedev/MainPrj/AdvancedUI/Content/Assets/ControllerIcons/PS4/PS4_R2.uasset" 182
"E:/Gamedev/MainPrj/AdvancedUI/Content/Assets/ControllerIcons/PS4/PS4_R2.uexp" 183
"E:/Gamedev/MainPrj/AdvancedUI/Content/Assets/ControllerIcons/PS4/PS4_Cross.uasset" 184
"E:/Gamedev/MainPrj/AdvancedUI/Content/Assets/ControllerIcons/PS4/PS4_Cross.uexp" 185
"E:/Gamedev/MainPrj/AdvancedUI/Content/Assets/ControllerIcons/PS4/PS4_Circle.uasset" 186
"E:/Gamedev/MainPrj/AdvancedUI/Content/Assets/ControllerIcons/PS4/PS4_Circle.uexp" 187
"E:/Gamedev/MainPrj/AdvancedUI/Content/Assets/ControllerIcons/PS4/PS4_L1.uasset" 188
"E:/Gamedev/MainPrj/AdvancedUI/Content/Assets/ControllerIcons/PS4/PS4_L1.uexp" 189
"E:/Gamedev/MainPrj/AdvancedUI/Content/UI/CommonInputData/ControllerData/ControllerData_Gamepad.uasset" 190
"E:/Gamedev/MainPrj/AdvancedUI/Content/UI/CommonInputData/ControllerData/ControllerData_Gamepad.uexp" 191
"E:/Gamedev/MainPrj/AdvancedUI/Content/Assets/ControllerIcons/MouseKeyboard/0_Key_Dark.uasset" 192
"E:/Gamedev/MainPrj/AdvancedUI/Content/Assets/ControllerIcons/MouseKeyboard/0_Key_Dark.uexp" 193
"../../../Engine/Content/EngineResources/DefaultTextureCube.uasset" 194
"../../../Engine/Content/EngineResources/DefaultTextureCube.uexp" 195
"../../../Engine/Content/EngineResources/DefaultVolumeTexture2D.uasset" 196
"../../../Engine/Content/EngineResources/DefaultVolumeTexture2D.uexp" 197
"../../../Engine/Content/EngineResources/DefaultVolumeTexture.uasset" 198
"../../../Engine/Content/EngineResources/DefaultVolumeTexture.uexp" 199
"../../../Engine/Content/EngineMeshes/Sphere.ubulk" 200
"../../../Engine/Content/EngineMeshes/Sphere.uasset" 201
"../../../Engine/Content/EngineMeshes/Sphere.uexp" 202
"../../../Engine/Content/VREditor/TransformGizmo/Main.uasset" 203
"../../../Engine/Content/VREditor/TransformGizmo/Main.uexp" 204
"../../../Engine/Content/VREditor/TransformGizmo/Xray.uasset" 205
"../../../Engine/Content/VREditor/TransformGizmo/Xray.uexp" 206
"../../../Engine/Content/VREditor/TransformGizmo/SM_Sequencer_Node.ubulk" 207
"../../../Engine/Content/VREditor/TransformGizmo/SM_Sequencer_Node.uasset" 208
"../../../Engine/Content/VREditor/TransformGizmo/SM_Sequencer_Node.uexp" 209
"../../../Engine/Plugins/Runtime/MeshModelingToolset/Content/Materials/M_DynamicMeshComponentVtxColor.uasset" 210
"../../../Engine/Plugins/Runtime/MeshModelingToolset/Content/Materials/M_DynamicMeshComponentVtxColor.uexp" 211
"../../../Engine/Plugins/Runtime/HairStrands/Content/Materials/HairMeshesDefaultMaterial.uasset" 212
"../../../Engine/Plugins/Runtime/HairStrands/Content/Materials/HairMeshesDefaultMaterial.uexp" 213
"../../../Engine/Plugins/Runtime/HairStrands/Content/Materials/HairDefaultMaterial.uasset" 214
"../../../Engine/Plugins/Runtime/HairStrands/Content/Materials/HairDefaultMaterial.uexp" 215
"../../../Engine/Plugins/Runtime/HairStrands/Content/Materials/HairGroupColors.uasset" 216
"../../../Engine/Plugins/Runtime/HairStrands/Content/Materials/HairGroupColors.uexp" 217
"../../../Engine/Content/Functions/Engine_MaterialFunctions02/Utility/MakeFloat2.uasset" 218
"../../../Engine/Content/Functions/Engine_MaterialFunctions02/Utility/MakeFloat2.uexp" 219
"../../../Engine/Content/Functions/Engine_MaterialFunctions02/Utility/MakeFloat3.uasset" 220
"../../../Engine/Content/Functions/Engine_MaterialFunctions02/Utility/MakeFloat3.uexp" 221
"../../../Engine/Content/EngineMaterials/HairColorMap.uasset" 222
"../../../Engine/Content/EngineMaterials/HairColorMap.uexp" 223
"../../../Engine/Content/EngineMaterials/HairDebugColor.uasset" 224
"../../../Engine/Content/EngineMaterials/HairDebugColor.uexp" 225
"../../../Engine/Plugins/Runtime/HairStrands/Content/Materials/HairDebugMaterial.uasset" 226
"../../../Engine/Plugins/Runtime/HairStrands/Content/Materials/HairDebugMaterial.uexp" 227
"../../../Engine/Plugins/Runtime/HairStrands/Content/Materials/HairCardsDefaultMaterial.uasset" 228
"../../../Engine/Plugins/Runtime/HairStrands/Content/Materials/HairCardsDefaultMaterial.uexp" 229
"../../../Engine/Plugins/Runtime/CommonUI/Content/DefaultMediaTexture.uasset" 230
"../../../Engine/Plugins/Runtime/CommonUI/Content/DefaultMediaTexture.uexp" 231
"../../../Engine/Plugins/Runtime/CommonUI/Content/VideoPlayerMaterial.uasset" 232
"../../../Engine/Plugins/Runtime/CommonUI/Content/VideoPlayerMaterial.uexp" 233
"../../../Engine/Content/Functions/Engine_MaterialFunctions02/Texturing/CustomRotator.uasset" 234
"../../../Engine/Content/Functions/Engine_MaterialFunctions02/Texturing/CustomRotator.uexp" 235
"../../../Engine/Content/Functions/Engine_MaterialFunctions02/Utility/BreakOutFloat2Components.uasset" 236
"../../../Engine/Content/Functions/Engine_MaterialFunctions02/Utility/BreakOutFloat2Components.uexp" 237
"../../../Engine/Content/Functions/Engine_MaterialFunctions01/Texturing/ScaleUVsByCenter.uasset" 238
"../../../Engine/Content/Functions/Engine_MaterialFunctions01/Texturing/ScaleUVsByCenter.uexp" 239
"../../../Engine/Plugins/Runtime/AudioWidgets/Content/AudioMaterialSlate/Functions/MF_SingleLine_Smooth.uasset" 240
"../../../Engine/Plugins/Runtime/AudioWidgets/Content/AudioMaterialSlate/Functions/MF_SingleLine_Smooth.uexp" 241
"../../../Engine/Plugins/Runtime/AudioWidgets/Content/AudioMaterialSlate/Functions/MF_AngleGradient.uasset" 242
"../../../Engine/Plugins/Runtime/AudioWidgets/Content/AudioMaterialSlate/Functions/MF_AngleGradient.uexp" 243
"../../../Engine/Plugins/Runtime/AudioWidgets/Content/AudioMaterialSlate/Functions/MF_SingleLine.uasset" 244
"../../../Engine/Plugins/Runtime/AudioWidgets/Content/AudioMaterialSlate/Functions/MF_SingleLine.uexp" 245
"../../../Engine/Content/Functions/Engine_MaterialFunctions01/Gradient/SphereGradient-2D.uasset" 246
"../../../Engine/Content/Functions/Engine_MaterialFunctions01/Gradient/SphereGradient-2D.uexp" 247
"../../../Engine/Plugins/Runtime/AudioWidgets/Content/AudioMaterialSlate/M_AudioMaterialToggleButton.uasset" 248
"../../../Engine/Plugins/Runtime/AudioWidgets/Content/AudioMaterialSlate/M_AudioMaterialToggleButton.uexp" 249
"../../../Engine/Plugins/Runtime/AudioWidgets/Content/AudioMaterialSlate/MI_AudioMaterialToggleButton.uasset" 250
"../../../Engine/Plugins/Runtime/AudioWidgets/Content/AudioMaterialSlate/MI_AudioMaterialToggleButton.uexp" 251
"../../../Engine/Content/Functions/Engine_MaterialFunctions02/Utility/VectorLength.uasset" 252
"../../../Engine/Content/Functions/Engine_MaterialFunctions02/Utility/VectorLength.uexp" 253
"../../../Engine/Content/Functions/Engine_MaterialFunctions01/Gradient/GeneratedRoundRect.uasset" 254
"../../../Engine/Content/Functions/Engine_MaterialFunctions01/Gradient/GeneratedRoundRect.uexp" 255
"../../../Engine/Plugins/Runtime/AudioWidgets/Content/AudioMaterialSlate/M_AudioMaterialRoundedSlider.uasset" 256
"../../../Engine/Plugins/Runtime/AudioWidgets/Content/AudioMaterialSlate/M_AudioMaterialRoundedSlider.uexp" 257
"../../../Engine/Plugins/Runtime/AudioWidgets/Content/AudioMaterialSlate/MI_AudioMaterialRoundedSlider.uasset" 258
"../../../Engine/Plugins/Runtime/AudioWidgets/Content/AudioMaterialSlate/MI_AudioMaterialRoundedSlider.uexp" 259
"../../../Engine/Plugins/Runtime/AudioWidgets/Content/AudioMaterialSlate/Functions/MF_Lines.uasset" 260
"../../../Engine/Plugins/Runtime/AudioWidgets/Content/AudioMaterialSlate/Functions/MF_Lines.uexp" 261
"../../../Engine/Content/Functions/Engine_MaterialFunctions02/Lerp_3Color.uasset" 262
"../../../Engine/Content/Functions/Engine_MaterialFunctions02/Lerp_3Color.uexp" 263
"../../../Engine/Plugins/Runtime/AudioWidgets/Content/AudioMaterialSlate/M_AudioMaterialMeter.uasset" 264
"../../../Engine/Plugins/Runtime/AudioWidgets/Content/AudioMaterialSlate/M_AudioMaterialMeter.uexp" 265
"../../../Engine/Plugins/Runtime/AudioWidgets/Content/AudioMaterialSlate/MI_AudioMaterialMeter.uasset" 266
"../../../Engine/Plugins/Runtime/AudioWidgets/Content/AudioMaterialSlate/MI_AudioMaterialMeter.uexp" 267
"../../../Engine/Plugins/Runtime/AudioWidgets/Content/AudioMaterialSlate/M_AudioMaterialKnob.uasset" 268
"../../../Engine/Plugins/Runtime/AudioWidgets/Content/AudioMaterialSlate/M_AudioMaterialKnob.uexp" 269
"../../../Engine/Plugins/Runtime/AudioWidgets/Content/AudioMaterialSlate/MI_AudioMaterialKnob.uasset" 270
"../../../Engine/Plugins/Runtime/AudioWidgets/Content/AudioMaterialSlate/MI_AudioMaterialKnob.uexp" 271
"../../../Engine/Plugins/Runtime/AudioWidgets/Content/AudioMaterialSlate/Functions/MF_DotOutlined.uasset" 272
"../../../Engine/Plugins/Runtime/AudioWidgets/Content/AudioMaterialSlate/Functions/MF_DotOutlined.uexp" 273
"../../../Engine/Plugins/Runtime/AudioWidgets/Content/AudioMaterialSlate/M_AudioMaterialEnvelope_ADSR.uasset" 274
"../../../Engine/Plugins/Runtime/AudioWidgets/Content/AudioMaterialSlate/M_AudioMaterialEnvelope_ADSR.uexp" 275
"../../../Engine/Plugins/Runtime/AudioWidgets/Content/AudioMaterialSlate/MI_AudioMaterialEnvelope_ADSR.uasset" 276
"../../../Engine/Plugins/Runtime/AudioWidgets/Content/AudioMaterialSlate/MI_AudioMaterialEnvelope_ADSR.uexp" 277
"../../../Engine/Plugins/NNE/NNEDenoiser/Content/NNEDTOM_Output_Default.uasset" 278
"../../../Engine/Plugins/NNE/NNEDenoiser/Content/NNEDTOM_Output_Default.uexp" 279
"../../../Engine/Plugins/NNE/NNEDenoiser/Content/NNEDTOM_Output_Alpha.uasset" 280
"../../../Engine/Plugins/NNE/NNEDenoiser/Content/NNEDTOM_Output_Alpha.uexp" 281
"../../../Engine/Plugins/NNE/NNEDenoiser/Content/NNEDTIM_ColorAlbedoNormal_Default.uasset" 282
"../../../Engine/Plugins/NNE/NNEDenoiser/Content/NNEDTIM_ColorAlbedoNormal_Default.uexp" 283
"../../../Engine/Plugins/NNE/NNEDenoiser/Content/NNEDTIM_ColorAlbedoNormal_Alpha.uasset" 284
"../../../Engine/Plugins/NNE/NNEDenoiser/Content/NNEDTIM_ColorAlbedoNormal_Alpha.uexp" 285
"../../../Engine/Plugins/NNE/NNEDenoiser/Content/NNEDOM_Output_Default.uasset" 286
"../../../Engine/Plugins/NNE/NNEDenoiser/Content/NNEDOM_Output_Default.uexp" 287
"../../../Engine/Plugins/NNE/NNEDenoiser/Content/NNEDOM_Output_Alpha.uasset" 288
"../../../Engine/Plugins/NNE/NNEDenoiser/Content/NNEDOM_Output_Alpha.uexp" 289
"../../../Engine/Plugins/NNE/NNEDenoiser/Content/NNEDIM_HighQuality_Default.uasset" 290
"../../../Engine/Plugins/NNE/NNEDenoiser/Content/NNEDIM_HighQuality_Default.uexp" 291
"../../../Engine/Plugins/NNE/NNEDenoiser/Content/NNEDIM_HighQuality_Alpha.uasset" 292
"../../../Engine/Plugins/NNE/NNEDenoiser/Content/NNEDIM_HighQuality_Alpha.uexp" 293
"../../../Engine/Plugins/NNE/NNEDenoiser/Content/NNEDIM_ColorAlbedoNormal_Default.uasset" 294
"../../../Engine/Plugins/NNE/NNEDenoiser/Content/NNEDIM_ColorAlbedoNormal_Default.uexp" 295
"../../../Engine/Plugins/NNE/NNEDenoiser/Content/NNEDIM_ColorAlbedoNormal_Alpha.uasset" 296
"../../../Engine/Plugins/NNE/NNEDenoiser/Content/NNEDIM_ColorAlbedoNormal_Alpha.uexp" 297
"../../../Engine/Content/EngineMaterials/T_Default_Material_Grid_M.ubulk" 298
"../../../Engine/Content/EngineMaterials/T_Default_Material_Grid_M.uasset" 299
"../../../Engine/Content/EngineMaterials/T_Default_Material_Grid_M.uexp" 300
"../../../Engine/Content/EngineMaterials/T_Default_Material_Grid_N.ubulk" 301
"../../../Engine/Content/EngineMaterials/T_Default_Material_Grid_N.uasset" 302
"../../../Engine/Content/EngineMaterials/T_Default_Material_Grid_N.uexp" 303
"../../../Engine/Content/Functions/Engine_MaterialFunctions01/Opacity/CameraDepthFade.uasset" 304
"../../../Engine/Content/Functions/Engine_MaterialFunctions01/Opacity/CameraDepthFade.uexp" 305
"../../../Engine/Content/EngineMaterials/WorldGridMaterial.uasset" 306
"../../../Engine/Content/EngineMaterials/WorldGridMaterial.uexp" 307
"../../../Engine/Plugins/Media/MediaPlate/Content/SM_MediaPlateScreen.ubulk" 308
"../../../Engine/Plugins/Media/MediaPlate/Content/SM_MediaPlateScreen.uasset" 309
"../../../Engine/Plugins/Media/MediaPlate/Content/SM_MediaPlateScreen.uexp" 310
"../../../Engine/Plugins/Interchange/Assets/Content/gltf/Textures/T_White_srgb.uasset" 311
"../../../Engine/Plugins/Interchange/Assets/Content/gltf/Textures/T_White_srgb.uexp" 312
"../../../Engine/Plugins/Interchange/Assets/Content/gltf/MaterialFunctions/MF_BaseColor.uasset" 313
"../../../Engine/Plugins/Interchange/Assets/Content/gltf/MaterialFunctions/MF_BaseColor.uexp" 314
"../../../Engine/Plugins/Interchange/Assets/Content/gltf/MaterialFunctions/MF_RotateV2.uasset" 315
"../../../Engine/Plugins/Interchange/Assets/Content/gltf/MaterialFunctions/MF_RotateV2.uexp" 316
"../../../Engine/Plugins/Interchange/Assets/Content/gltf/MaterialFunctions/MF_TransformUVs.uasset" 317
"../../../Engine/Plugins/Interchange/Assets/Content/gltf/MaterialFunctions/MF_TransformUVs.uexp" 318
"../../../Engine/Plugins/Interchange/Assets/Content/gltf/MaterialBodies/MF_Unlit_Body.uasset" 319
"../../../Engine/Plugins/Interchange/Assets/Content/gltf/MaterialBodies/MF_Unlit_Body.uexp" 320
"../../../Engine/Plugins/Interchange/Assets/Content/gltf/M_Unlit.uasset" 321
"../../../Engine/Plugins/Interchange/Assets/Content/gltf/M_Unlit.uexp" 322
"../../../Engine/Plugins/Interchange/Assets/Content/gltf/MaterialInstances/MI_Unlit_Opaque_DS.uasset" 323
"../../../Engine/Plugins/Interchange/Assets/Content/gltf/MaterialInstances/MI_Unlit_Opaque_DS.uexp" 324
"../../../Engine/Plugins/Interchange/Assets/Content/gltf/MaterialInstances/MI_Unlit_Opaque.uasset" 325
"../../../Engine/Plugins/Interchange/Assets/Content/gltf/MaterialInstances/MI_Unlit_Opaque.uexp" 326
"../../../Engine/Plugins/Interchange/Assets/Content/gltf/MaterialInstances/MI_Unlit_Mask_DS.uasset" 327
"../../../Engine/Plugins/Interchange/Assets/Content/gltf/MaterialInstances/MI_Unlit_Mask_DS.uexp" 328
"../../../Engine/Plugins/Interchange/Assets/Content/gltf/MaterialInstances/MI_Unlit_Mask.uasset" 329
"../../../Engine/Plugins/Interchange/Assets/Content/gltf/MaterialInstances/MI_Unlit_Mask.uexp" 330
"../../../Engine/Plugins/Interchange/Assets/Content/gltf/MaterialInstances/MI_Unlit_Blend_DS.uasset" 331
"../../../Engine/Plugins/Interchange/Assets/Content/gltf/MaterialInstances/MI_Unlit_Blend_DS.uexp" 332
"../../../Engine/Plugins/Interchange/Assets/Content/gltf/MaterialInstances/MI_Unlit_Blend.uasset" 333
"../../../Engine/Plugins/Interchange/Assets/Content/gltf/MaterialInstances/MI_Unlit_Blend.uexp" 334
"../../../Engine/Content/Functions/Engine_MaterialFunctions02/Utility/BreakOutFloat3Components.uasset" 335
"../../../Engine/Content/Functions/Engine_MaterialFunctions02/Utility/BreakOutFloat3Components.uexp" 336
"../../../Engine/Content/Functions/Engine_MaterialFunctions02/Math/Transform3x3Matrix.uasset" 337
"../../../Engine/Content/Functions/Engine_MaterialFunctions02/Math/Transform3x3Matrix.uexp" 338
"../../../Engine/Content/Functions/Engine_MaterialFunctions02/Utility/CameraDirectionVector.uasset" 339
"../../../Engine/Content/Functions/Engine_MaterialFunctions02/Utility/CameraDirectionVector.uexp" 340
"../../../Engine/Plugins/Interchange/Assets/Content/Utilities/New_LUT.uasset" 341
"../../../Engine/Plugins/Interchange/Assets/Content/Utilities/New_LUT.uexp" 342
"../../../Engine/Content/EngineMaterials/Good64x64TilingNoiseHighFreq.uasset" 343
"../../../Engine/Content/EngineMaterials/Good64x64TilingNoiseHighFreq.uexp" 344
"../../../Engine/Content/Functions/Engine_MaterialFunctions02/Texturing/ScreenAlignedPixelToPixelUVs.uasset" 345
"../../../Engine/Content/Functions/Engine_MaterialFunctions02/Texturing/ScreenAlignedPixelToPixelUVs.uexp" 346
"../../../Engine/Plugins/Interchange/Assets/Content/gltf/MaterialFunctions/MF_Temporal_Blur.uasset" 347
"../../../Engine/Plugins/Interchange/Assets/Content/gltf/MaterialFunctions/MF_Temporal_Blur.uexp" 348
"../../../Engine/Plugins/Interchange/Assets/Content/gltf/MaterialFunctions/MF_Specular.uasset" 349
"../../../Engine/Plugins/Interchange/Assets/Content/gltf/MaterialFunctions/MF_Specular.uexp" 350
"../../../Engine/Plugins/Interchange/Assets/Content/gltf/Textures/T_Anisotropy_Direction_Linear.uasset" 351
"../../../Engine/Plugins/Interchange/Assets/Content/gltf/Textures/T_Anisotropy_Direction_Linear.uexp" 352
"../../../Engine/Plugins/Interchange/Assets/Content/gltf/MaterialFunctions/MF_SpecularAnisotropy.uasset" 353
"../../../Engine/Plugins/Interchange/Assets/Content/gltf/MaterialFunctions/MF_SpecularAnisotropy.uexp" 354
"../../../Engine/Plugins/Interchange/Assets/Content/gltf/Textures/T_White_Linear.uasset" 355
"../../../Engine/Plugins/Interchange/Assets/Content/gltf/Textures/T_White_Linear.uexp" 356
"../../../Engine/Plugins/Interchange/Assets/Content/gltf/MaterialFunctions/MF_MetallicRoughness.uasset" 357
"../../../Engine/Plugins/Interchange/Assets/Content/gltf/MaterialFunctions/MF_MetallicRoughness.uexp" 358
"../../../Engine/Plugins/Interchange/Assets/Content/gltf/Textures/T_Generic_N.uasset" 359
"../../../Engine/Plugins/Interchange/Assets/Content/gltf/Textures/T_Generic_N.uexp" 360
"../../../Engine/Plugins/Interchange/Assets/Content/gltf/MaterialFunctions/MF_ScaleNormal.uasset" 361
"../../../Engine/Plugins/Interchange/Assets/Content/gltf/MaterialFunctions/MF_ScaleNormal.uexp" 362
"../../../Engine/Plugins/Interchange/Assets/Content/gltf/MaterialFunctions/MF_Fresnel_DS.uasset" 363
"../../../Engine/Plugins/Interchange/Assets/Content/gltf/MaterialFunctions/MF_Fresnel_DS.uexp" 364
"../../../Engine/Content/Functions/Engine_MaterialFunctions03/Math/RemapValueRange.uasset" 365
"../../../Engine/Content/Functions/Engine_MaterialFunctions03/Math/RemapValueRange.uexp" 366
"../../../Engine/Plugins/Interchange/Assets/Content/Functions/MF_Iridescence.uasset" 367
"../../../Engine/Plugins/Interchange/Assets/Content/Functions/MF_Iridescence.uexp" 368
"../../../Engine/Plugins/Interchange/Assets/Content/gltf/MaterialFunctions/MF_Iridescence.uasset" 369
"../../../Engine/Plugins/Interchange/Assets/Content/gltf/MaterialFunctions/MF_Iridescence.uexp" 370
"../../../Engine/Plugins/Interchange/Assets/Content/gltf/MaterialFunctions/MF_Occlusion.uasset" 371
"../../../Engine/Plugins/Interchange/Assets/Content/gltf/MaterialFunctions/MF_Occlusion.uexp" 372
"../../../Engine/Plugins/Interchange/Assets/Content/gltf/MaterialFunctions/MF_IOR.uasset" 373
"../../../Engine/Plugins/Interchange/Assets/Content/gltf/MaterialFunctions/MF_IOR.uexp" 374
"../../../Engine/Plugins/Interchange/Assets/Content/gltf/MaterialFunctions/MF_Transmission.uasset" 375
"../../../Engine/Plugins/Interchange/Assets/Content/gltf/MaterialFunctions/MF_Transmission.uexp" 376
"../../../Engine/Plugins/Interchange/Assets/Content/gltf/MaterialFunctions/MF_RotateNormals_TS.uasset" 377
"../../../Engine/Plugins/Interchange/Assets/Content/gltf/MaterialFunctions/MF_RotateNormals_TS.uexp" 378
"../../../Engine/Plugins/Interchange/Assets/Content/gltf/MaterialFunctions/MF_Normals.uasset" 379
"../../../Engine/Plugins/Interchange/Assets/Content/gltf/MaterialFunctions/MF_Normals.uexp" 380
"../../../Engine/Plugins/Interchange/Assets/Content/gltf/MaterialBodies/MF_Transmission_Body.uasset" 381
"../../../Engine/Plugins/Interchange/Assets/Content/gltf/MaterialBodies/MF_Transmission_Body.uexp" 382
"../../../Engine/Plugins/Interchange/Assets/Content/gltf/M_Transmission.uasset" 383
"../../../Engine/Plugins/Interchange/Assets/Content/gltf/M_Transmission.uexp" 384
"../../../Engine/Plugins/Interchange/Assets/Content/gltf/MaterialInstances/MI_Transmission_DS.uasset" 385
"../../../Engine/Plugins/Interchange/Assets/Content/gltf/MaterialInstances/MI_Transmission_DS.uexp" 386
"../../../Engine/Plugins/Interchange/Assets/Content/gltf/MaterialInstances/MI_Transmission.uasset" 387
"../../../Engine/Plugins/Interchange/Assets/Content/gltf/MaterialInstances/MI_Transmission.uexp" 388
"../../../Engine/Content/Functions/Engine_MaterialFunctions02/Math/AddComponents.uasset" 389
"../../../Engine/Content/Functions/Engine_MaterialFunctions02/Math/AddComponents.uexp" 390
"../../../Engine/Plugins/Interchange/Assets/Content/gltf/MaterialFunctions/MF_DiffuseSpecGloss.uasset" 391
"../../../Engine/Plugins/Interchange/Assets/Content/gltf/MaterialFunctions/MF_DiffuseSpecGloss.uexp" 392
"../../../Engine/Plugins/Interchange/Assets/Content/gltf/MaterialFunctions/MF_Emissive.uasset" 393
"../../../Engine/Plugins/Interchange/Assets/Content/gltf/MaterialFunctions/MF_Emissive.uexp" 394
"../../../Engine/Plugins/Interchange/Assets/Content/gltf/MaterialFunctions/MF_PerceivedBrightness.uasset" 395
"../../../Engine/Plugins/Interchange/Assets/Content/gltf/MaterialFunctions/MF_PerceivedBrightness.uexp" 396
"../../../Engine/Plugins/Interchange/Assets/Content/gltf/MaterialFunctions/MF_SpecGlossToMetalRoughness.uasset" 397
"../../../Engine/Plugins/Interchange/Assets/Content/gltf/MaterialFunctions/MF_SpecGlossToMetalRoughness.uexp" 398
"../../../Engine/Plugins/Interchange/Assets/Content/gltf/MaterialFunctions/MF_MaxComponentValue.uasset" 399
"../../../Engine/Plugins/Interchange/Assets/Content/gltf/MaterialFunctions/MF_MaxComponentValue.uexp" 400
"../../../Engine/Plugins/Interchange/Assets/Content/gltf/MaterialBodies/MF_SpecularGlossiness_Body.uasset" 401
"../../../Engine/Plugins/Interchange/Assets/Content/gltf/MaterialBodies/MF_SpecularGlossiness_Body.uexp" 402
"../../../Engine/Plugins/Interchange/Assets/Content/gltf/M_SpecularGlossiness.uasset" 403
"../../../Engine/Plugins/Interchange/Assets/Content/gltf/M_SpecularGlossiness.uexp" 404
"../../../Engine/Plugins/Interchange/Assets/Content/gltf/MaterialInstances/MI_SpecularGlossiness_Opaque_DS.uasset" 405
"../../../Engine/Plugins/Interchange/Assets/Content/gltf/MaterialInstances/MI_SpecularGlossiness_Opaque_DS.uexp" 406
"../../../Engine/Plugins/Interchange/Assets/Content/gltf/MaterialInstances/MI_SpecularGlossiness_Opaque.uasset" 407
"../../../Engine/Plugins/Interchange/Assets/Content/gltf/MaterialInstances/MI_SpecularGlossiness_Opaque.uexp" 408
"../../../Engine/Plugins/Interchange/Assets/Content/gltf/MaterialInstances/MI_SpecularGlossiness_Mask_DS.uasset" 409
"../../../Engine/Plugins/Interchange/Assets/Content/gltf/MaterialInstances/MI_SpecularGlossiness_Mask_DS.uexp" 410
"../../../Engine/Plugins/Interchange/Assets/Content/gltf/MaterialInstances/MI_SpecularGlossiness_Mask.uasset" 411
"../../../Engine/Plugins/Interchange/Assets/Content/gltf/MaterialInstances/MI_SpecularGlossiness_Mask.uexp" 412
"../../../Engine/Plugins/Interchange/Assets/Content/gltf/MaterialInstances/MI_SpecularGlossiness_Blend_DS.uasset" 413
"../../../Engine/Plugins/Interchange/Assets/Content/gltf/MaterialInstances/MI_SpecularGlossiness_Blend_DS.uexp" 414
"../../../Engine/Plugins/Interchange/Assets/Content/gltf/MaterialInstances/MI_SpecularGlossiness_Blend.uasset" 415
"../../../Engine/Plugins/Interchange/Assets/Content/gltf/MaterialInstances/MI_SpecularGlossiness_Blend.uexp" 416
"../../../Engine/Plugins/Interchange/Assets/Content/gltf/MaterialFunctions/MF_Sheen.uasset" 417
"../../../Engine/Plugins/Interchange/Assets/Content/gltf/MaterialFunctions/MF_Sheen.uexp" 418
"../../../Engine/Plugins/Interchange/Assets/Content/gltf/MaterialBodies/MF_Sheen_Body.uasset" 419
"../../../Engine/Plugins/Interchange/Assets/Content/gltf/MaterialBodies/MF_Sheen_Body.uexp" 420
"../../../Engine/Plugins/Interchange/Assets/Content/gltf/M_Sheen.uasset" 421
"../../../Engine/Plugins/Interchange/Assets/Content/gltf/M_Sheen.uexp" 422
"../../../Engine/Plugins/Interchange/Assets/Content/gltf/MaterialInstances/MI_Sheen_Opaque_DS.uasset" 423
"../../../Engine/Plugins/Interchange/Assets/Content/gltf/MaterialInstances/MI_Sheen_Opaque_DS.uexp" 424
"../../../Engine/Plugins/Interchange/Assets/Content/gltf/MaterialInstances/MI_Sheen_Opaque.uasset" 425
"../../../Engine/Plugins/Interchange/Assets/Content/gltf/MaterialInstances/MI_Sheen_Opaque.uexp" 426
"../../../Engine/Plugins/Interchange/Assets/Content/gltf/MaterialInstances/MI_Sheen_Mask_DS.uasset" 427
"../../../Engine/Plugins/Interchange/Assets/Content/gltf/MaterialInstances/MI_Sheen_Mask_DS.uexp" 428
"../../../Engine/Plugins/Interchange/Assets/Content/gltf/MaterialInstances/MI_Sheen_Mask.uasset" 429
"../../../Engine/Plugins/Interchange/Assets/Content/gltf/MaterialInstances/MI_Sheen_Mask.uexp" 430
"../../../Engine/Plugins/Interchange/Assets/Content/gltf/MaterialInstances/MI_Sheen_Blend_DS.uasset" 431
"../../../Engine/Plugins/Interchange/Assets/Content/gltf/MaterialInstances/MI_Sheen_Blend_DS.uexp" 432
"../../../Engine/Plugins/Interchange/Assets/Content/gltf/MaterialInstances/MI_Sheen_Blend.uasset" 433
"../../../Engine/Plugins/Interchange/Assets/Content/gltf/MaterialInstances/MI_Sheen_Blend.uexp" 434
"../../../Engine/Plugins/Interchange/Assets/Content/gltf/MaterialBodies/MF_Default_Body.uasset" 435
"../../../Engine/Plugins/Interchange/Assets/Content/gltf/MaterialBodies/MF_Default_Body.uexp" 436
"../../../Engine/Plugins/Interchange/Assets/Content/gltf/M_Default.uasset" 437
"../../../Engine/Plugins/Interchange/Assets/Content/gltf/M_Default.uexp" 438
"../../../Engine/Plugins/Interchange/Assets/Content/gltf/MaterialInstances/MI_Default_Opaque_DS.uasset" 439
"../../../Engine/Plugins/Interchange/Assets/Content/gltf/MaterialInstances/MI_Default_Opaque_DS.uexp" 440
"../../../Engine/Plugins/Interchange/Assets/Content/gltf/MaterialInstances/MI_Default_Opaque.uasset" 441
"../../../Engine/Plugins/Interchange/Assets/Content/gltf/MaterialInstances/MI_Default_Opaque.uexp" 442
"../../../Engine/Plugins/Interchange/Assets/Content/gltf/MaterialInstances/MI_Default_Mask_DS.uasset" 443
"../../../Engine/Plugins/Interchange/Assets/Content/gltf/MaterialInstances/MI_Default_Mask_DS.uexp" 444
"../../../Engine/Plugins/Interchange/Assets/Content/gltf/MaterialInstances/MI_Default_Mask.uasset" 445
"../../../Engine/Plugins/Interchange/Assets/Content/gltf/MaterialInstances/MI_Default_Mask.uexp" 446
"../../../Engine/Plugins/Interchange/Assets/Content/gltf/MaterialInstances/MI_Default_Blend_DS.uasset" 447
"../../../Engine/Plugins/Interchange/Assets/Content/gltf/MaterialInstances/MI_Default_Blend_DS.uexp" 448
"../../../Engine/Plugins/Interchange/Assets/Content/gltf/MaterialInstances/MI_Default_Blend.uasset" 449
"../../../Engine/Plugins/Interchange/Assets/Content/gltf/MaterialInstances/MI_Default_Blend.uexp" 450
"../../../Engine/Content/Functions/Engine_MaterialFunctions01/Texturing/FlattenNormal.uasset" 451
"../../../Engine/Content/Functions/Engine_MaterialFunctions01/Texturing/FlattenNormal.uexp" 452
"../../../Engine/Plugins/Interchange/Assets/Content/gltf/MaterialFunctions/MF_Clearcoat.uasset" 453
"../../../Engine/Plugins/Interchange/Assets/Content/gltf/MaterialFunctions/MF_Clearcoat.uexp" 454
"../../../Engine/Plugins/Interchange/Assets/Content/gltf/MaterialBodies/MF_ClearCoat_Body.uasset" 455
"../../../Engine/Plugins/Interchange/Assets/Content/gltf/MaterialBodies/MF_ClearCoat_Body.uexp" 456
"../../../Engine/Plugins/Interchange/Assets/Content/gltf/M_ClearCoat.uasset" 457
"../../../Engine/Plugins/Interchange/Assets/Content/gltf/M_ClearCoat.uexp" 458
"../../../Engine/Plugins/Interchange/Assets/Content/gltf/MaterialInstances/MI_ClearCoat_Opaque_DS.uasset" 459
"../../../Engine/Plugins/Interchange/Assets/Content/gltf/MaterialInstances/MI_ClearCoat_Opaque_DS.uexp" 460
"../../../Engine/Plugins/Interchange/Assets/Content/gltf/MaterialInstances/MI_ClearCoat_Opaque.uasset" 461
"../../../Engine/Plugins/Interchange/Assets/Content/gltf/MaterialInstances/MI_ClearCoat_Opaque.uexp" 462
"../../../Engine/Plugins/Interchange/Assets/Content/gltf/MaterialInstances/MI_ClearCoat_Mask_DS.uasset" 463
"../../../Engine/Plugins/Interchange/Assets/Content/gltf/MaterialInstances/MI_ClearCoat_Mask_DS.uexp" 464
"../../../Engine/Plugins/Interchange/Assets/Content/gltf/MaterialInstances/MI_ClearCoat_Mask.uasset" 465
"../../../Engine/Plugins/Interchange/Assets/Content/gltf/MaterialInstances/MI_ClearCoat_Mask.uexp" 466
"../../../Engine/Plugins/Interchange/Assets/Content/gltf/MaterialInstances/MI_ClearCoat_Blend_DS.uasset" 467
"../../../Engine/Plugins/Interchange/Assets/Content/gltf/MaterialInstances/MI_ClearCoat_Blend_DS.uexp" 468
"../../../Engine/Plugins/Interchange/Assets/Content/gltf/MaterialInstances/MI_ClearCoat_Blend.uasset" 469
"../../../Engine/Plugins/Interchange/Assets/Content/gltf/MaterialInstances/MI_ClearCoat_Blend.uexp" 470
"../../../Engine/Plugins/Interchange/Assets/Content/Functions/MX_UsdPreviewSurface.uasset" 471
"../../../Engine/Plugins/Interchange/Assets/Content/Functions/MX_UsdPreviewSurface.uexp" 472
"../../../Engine/Plugins/Interchange/Assets/Content/Functions/MX_UniformEDF.uasset" 473
"../../../Engine/Plugins/Interchange/Assets/Content/Functions/MX_UniformEDF.uexp" 474
"../../../Engine/Plugins/Interchange/Assets/Content/Functions/MX_TranslucentBSDF.uasset" 475
"../../../Engine/Plugins/Interchange/Assets/Content/Functions/MX_TranslucentBSDF.uexp" 476
"../../../Engine/Plugins/Interchange/Assets/Content/Functions/MX_ThinFilmBSDF.uasset" 477
"../../../Engine/Plugins/Interchange/Assets/Content/Functions/MX_ThinFilmBSDF.uexp" 478
"../../../Engine/Plugins/Interchange/Assets/Content/Functions/MX_SurfaceUnlit.uasset" 479
"../../../Engine/Plugins/Interchange/Assets/Content/Functions/MX_SurfaceUnlit.uexp" 480
"../../../Engine/Plugins/Interchange/Assets/Content/Functions/MX_Surface.uasset" 481
"../../../Engine/Plugins/Interchange/Assets/Content/Functions/MX_Surface.uexp" 482
"../../../Engine/Plugins/Interchange/Assets/Content/Functions/MX_SubsurfaceBSDF.uasset" 483
"../../../Engine/Plugins/Interchange/Assets/Content/Functions/MX_SubsurfaceBSDF.uexp" 484
"../../../Engine/Plugins/Interchange/Assets/Content/Functions/MX_SheenBSDF.uasset" 485
"../../../Engine/Plugins/Interchange/Assets/Content/Functions/MX_SheenBSDF.uexp" 486
"../../../Engine/Plugins/Interchange/Assets/Content/Functions/MX_OrenNayarBSDF.uasset" 487
"../../../Engine/Plugins/Interchange/Assets/Content/Functions/MX_OrenNayarBSDF.uexp" 488
"../../../Engine/Plugins/Interchange/Assets/Content/Functions/MX_StandardSurface.uasset" 489
"../../../Engine/Plugins/Interchange/Assets/Content/Functions/MX_StandardSurface.uexp" 490
"../../../Engine/Plugins/Interchange/Assets/Content/Functions/MX_TransmissionSurface.uasset" 491
"../../../Engine/Plugins/Interchange/Assets/Content/Functions/MX_TransmissionSurface.uexp" 492
"../../../Engine/Plugins/Interchange/Assets/Content/Functions/MX_OpenPBR_Translucent.uasset" 493
"../../../Engine/Plugins/Interchange/Assets/Content/Functions/MX_OpenPBR_Translucent.uexp" 494
"../../../Engine/Plugins/Interchange/Assets/Content/Functions/MX_OpenPBR_Opaque.uasset" 495
"../../../Engine/Plugins/Interchange/Assets/Content/Functions/MX_OpenPBR_Opaque.uexp" 496
"../../../Engine/Plugins/Interchange/Assets/Content/Functions/MX_MeasuredEDF.uasset" 497
"../../../Engine/Plugins/Interchange/Assets/Content/Functions/MX_MeasuredEDF.uexp" 498
"../../../Engine/Plugins/Interchange/Assets/Content/Functions/MX_GeneralizedSchlickBSDF.uasset" 499
"../../../Engine/Plugins/Interchange/Assets/Content/Functions/MX_GeneralizedSchlickBSDF.uexp" 500
"../../../Engine/Plugins/Interchange/Assets/Content/Functions/MX_DielectricBSDF.uasset" 501
"../../../Engine/Plugins/Interchange/Assets/Content/Functions/MX_DielectricBSDF.uexp" 502
"../../../Engine/Plugins/Interchange/Assets/Content/Functions/MX_ConicalEDF.uasset" 503
"../../../Engine/Plugins/Interchange/Assets/Content/Functions/MX_ConicalEDF.uexp" 504
"../../../Engine/Plugins/Interchange/Assets/Content/Functions/MX_ConductorBSDF.uasset" 505
"../../../Engine/Plugins/Interchange/Assets/Content/Functions/MX_ConductorBSDF.uexp" 506
"../../../Engine/Plugins/Interchange/Assets/Content/Functions/MX_BurleyDiffuseBSDF.uasset" 507
"../../../Engine/Plugins/Interchange/Assets/Content/Functions/MX_BurleyDiffuseBSDF.uexp" 508
"../../../Engine/Plugins/Interchange/Assets/Content/Functions/MX_AnisotropicVDF.uasset" 509
"../../../Engine/Plugins/Interchange/Assets/Content/Functions/MX_AnisotropicVDF.uexp" 510
"../../../Engine/Plugins/Interchange/Assets/Content/Functions/MX_AbsorptionVDF.uasset" 511
"../../../Engine/Plugins/Interchange/Assets/Content/Functions/MX_AbsorptionVDF.uexp" 512
"../../../Engine/Plugins/Editor/SpeedTreeImporter/Content/SpeedTree9/game_wind_noise.ubulk" 513
"../../../Engine/Plugins/Editor/SpeedTreeImporter/Content/SpeedTree9/game_wind_noise.uasset" 514
"../../../Engine/Plugins/Editor/SpeedTreeImporter/Content/SpeedTree9/game_wind_noise.uexp" 515
"../../../Engine/Plugins/Editor/SpeedTreeImporter/Content/SpeedTree9/UnpackDirection.uasset" 516
"../../../Engine/Plugins/Editor/SpeedTreeImporter/Content/SpeedTree9/UnpackDirection.uexp" 517
"../../../Engine/Content/Functions/Engine_MaterialFunctions02/ObjectLocalBounds.uasset" 518
"../../../Engine/Content/Functions/Engine_MaterialFunctions02/ObjectLocalBounds.uexp" 519
"../../../Engine/Content/Functions/Engine_MaterialFunctions02/UVs/BoundingBoxBased_0-1_UVW.uasset" 520
"../../../Engine/Content/Functions/Engine_MaterialFunctions02/UVs/BoundingBoxBased_0-1_UVW.uexp" 521
"../../../Engine/Plugins/Editor/SpeedTreeImporter/Content/SpeedTree9/UnpackInteger3.uasset" 522
"../../../Engine/Plugins/Editor/SpeedTreeImporter/Content/SpeedTree9/UnpackInteger3.uexp" 523
"../../../Engine/Plugins/Editor/SpeedTreeImporter/Content/SpeedTree9/SpeedTreeCameraFacing.uasset" 524
"../../../Engine/Plugins/Editor/SpeedTreeImporter/Content/SpeedTree9/SpeedTreeCameraFacing.uexp" 525
"../../../Engine/Content/Functions/Engine_MaterialFunctions02/WorldPositionOffset/ObjectScale.uasset" 526
"../../../Engine/Content/Functions/Engine_MaterialFunctions02/WorldPositionOffset/ObjectScale.uexp" 527
"../../../Engine/Content/Functions/Engine_MaterialFunctions02/SafeNormalize.uasset" 528
"../../../Engine/Content/Functions/Engine_MaterialFunctions02/SafeNormalize.uexp" 529
"../../../Engine/Plugins/Editor/SpeedTreeImporter/Content/SpeedTree9/SpeedTreeWindMotion.uasset" 530
"../../../Engine/Plugins/Editor/SpeedTreeImporter/Content/SpeedTree9/SpeedTreeWindMotion.uexp" 531
"../../../Engine/Plugins/Editor/SpeedTreeImporter/Content/SpeedTree9/SpeedTreeBranchMotion.uasset" 532
"../../../Engine/Plugins/Editor/SpeedTreeImporter/Content/SpeedTree9/SpeedTreeBranchMotion.uexp" 533
"../../../Engine/Plugins/Editor/SpeedTreeImporter/Content/SpeedTree9/SpeedTreeWind.uasset" 534
"../../../Engine/Plugins/Editor/SpeedTreeImporter/Content/SpeedTree9/SpeedTreeWind.uexp" 535
"../../../Engine/Plugins/Editor/SpeedTreeImporter/Content/SpeedTree9/EmptyNormal.uasset" 536
"../../../Engine/Plugins/Editor/SpeedTreeImporter/Content/SpeedTree9/EmptyNormal.uexp" 537
"../../../Engine/Plugins/Editor/SpeedTreeImporter/Content/SpeedTree9/Empty.uasset" 538
"../../../Engine/Plugins/Editor/SpeedTreeImporter/Content/SpeedTree9/Empty.uexp" 539
"../../../Engine/Plugins/Editor/SpeedTreeImporter/Content/SpeedTree9/SpeedTreeMaster.uasset" 540
"../../../Engine/Plugins/Editor/SpeedTreeImporter/Content/SpeedTree9/SpeedTreeMaster.uexp" 541
"../../../Engine/Plugins/Editor/SpeedTreeImporter/Content/SpeedTree9/SpeedTreeBillboard.uasset" 542
"../../../Engine/Plugins/Editor/SpeedTreeImporter/Content/SpeedTree9/SpeedTreeBillboard.uexp" 543
"../../../Engine/Plugins/Editor/SpeedTreeImporter/Content/SpeedTree9/SpeedTreeBillboardMaster.uasset" 544
"../../../Engine/Plugins/Editor/SpeedTreeImporter/Content/SpeedTree9/SpeedTreeBillboardMaster.uexp" 545
"../../../Engine/Content/Functions/Engine_MaterialFunctions02/WorldPositionOffset/CameraOffset.uasset" 546
"../../../Engine/Content/Functions/Engine_MaterialFunctions02/WorldPositionOffset/CameraOffset.uexp" 547
"../../../Engine/Plugins/Animation/ControlRig/Content/M_Manip.uasset" 548
"../../../Engine/Plugins/Animation/ControlRig/Content/M_Manip.uexp" 549
"../../../Engine/Plugins/Animation/ControlRig/Content/Controls/ControlRig_Wedge_solid.ubulk" 550
"../../../Engine/Plugins/Animation/ControlRig/Content/Controls/ControlRig_Wedge_solid.uasset" 551
"../../../Engine/Plugins/Animation/ControlRig/Content/Controls/ControlRig_Wedge_solid.uexp" 552
"../../../Engine/Plugins/Animation/ControlRig/Content/Controls/ControlRig_Wedge_3mm.ubulk" 553
"../../../Engine/Plugins/Animation/ControlRig/Content/Controls/ControlRig_Wedge_3mm.uasset" 554
"../../../Engine/Plugins/Animation/ControlRig/Content/Controls/ControlRig_Wedge_3mm.uexp" 555
"../../../Engine/Plugins/Animation/ControlRig/Content/Controls/ControlRig_Wedge_1mm.ubulk" 556
"../../../Engine/Plugins/Animation/ControlRig/Content/Controls/ControlRig_Wedge_1mm.uasset" 557
"../../../Engine/Plugins/Animation/ControlRig/Content/Controls/ControlRig_Wedge_1mm.uexp" 558
"../../../Engine/Plugins/Animation/ControlRig/Content/Controls/ControlRig_Triangle_solid.ubulk" 559
"../../../Engine/Plugins/Animation/ControlRig/Content/Controls/ControlRig_Triangle_solid.uasset" 560
"../../../Engine/Plugins/Animation/ControlRig/Content/Controls/ControlRig_Triangle_solid.uexp" 561
"../../../Engine/Plugins/Animation/ControlRig/Content/Controls/ControlRig_Triangle_3mm.ubulk" 562
"../../../Engine/Plugins/Animation/ControlRig/Content/Controls/ControlRig_Triangle_3mm.uasset" 563
"../../../Engine/Plugins/Animation/ControlRig/Content/Controls/ControlRig_Triangle_3mm.uexp" 564
"../../../Engine/Plugins/Animation/ControlRig/Content/Controls/ControlRig_Triangle_1mm.ubulk" 565
"../../../Engine/Plugins/Animation/ControlRig/Content/Controls/ControlRig_Triangle_1mm.uasset" 566
"../../../Engine/Plugins/Animation/ControlRig/Content/Controls/ControlRig_Triangle_1mm.uexp" 567
"../../../Engine/Plugins/Animation/ControlRig/Content/Controls/ControlRig_Star4_solid.ubulk" 568
"../../../Engine/Plugins/Animation/ControlRig/Content/Controls/ControlRig_Star4_solid.uasset" 569
"../../../Engine/Plugins/Animation/ControlRig/Content/Controls/ControlRig_Star4_solid.uexp" 570
"../../../Engine/Plugins/Animation/ControlRig/Content/Controls/ControlRig_Star4_3mm.ubulk" 571
"../../../Engine/Plugins/Animation/ControlRig/Content/Controls/ControlRig_Star4_3mm.uasset" 572
"../../../Engine/Plugins/Animation/ControlRig/Content/Controls/ControlRig_Star4_3mm.uexp" 573
"../../../Engine/Plugins/Animation/ControlRig/Content/Controls/ControlRig_Star4_1mm.ubulk" 574
"../../../Engine/Plugins/Animation/ControlRig/Content/Controls/ControlRig_Star4_1mm.uasset" 575
"../../../Engine/Plugins/Animation/ControlRig/Content/Controls/ControlRig_Star4_1mm.uexp" 576
"../../../Engine/Plugins/Animation/ControlRig/Content/Controls/ControlRig_Square_solid.ubulk" 577
"../../../Engine/Plugins/Animation/ControlRig/Content/Controls/ControlRig_Square_solid.uasset" 578
"../../../Engine/Plugins/Animation/ControlRig/Content/Controls/ControlRig_Square_solid.uexp" 579
"../../../Engine/Plugins/Animation/ControlRig/Content/Controls/ControlRig_Square_3mm.ubulk" 580
"../../../Engine/Plugins/Animation/ControlRig/Content/Controls/ControlRig_Square_3mm.uasset" 581
"../../../Engine/Plugins/Animation/ControlRig/Content/Controls/ControlRig_Square_3mm.uexp" 582
"../../../Engine/Plugins/Animation/ControlRig/Content/Controls/ControlRig_Square_1mm.ubulk" 583
"../../../Engine/Plugins/Animation/ControlRig/Content/Controls/ControlRig_Square_1mm.uasset" 584
"../../../Engine/Plugins/Animation/ControlRig/Content/Controls/ControlRig_Square_1mm.uexp" 585
"../../../Engine/Plugins/Animation/ControlRig/Content/Controls/ControlRig_Sphere_solid.ubulk" 586
"../../../Engine/Plugins/Animation/ControlRig/Content/Controls/ControlRig_Sphere_solid.uasset" 587
"../../../Engine/Plugins/Animation/ControlRig/Content/Controls/ControlRig_Sphere_solid.uexp" 588
"../../../Engine/Plugins/Animation/ControlRig/Content/Controls/ControlRig_Sphere_3mm.ubulk" 589
"../../../Engine/Plugins/Animation/ControlRig/Content/Controls/ControlRig_Sphere_3mm.uasset" 590
"../../../Engine/Plugins/Animation/ControlRig/Content/Controls/ControlRig_Sphere_3mm.uexp" 591
"../../../Engine/Plugins/Animation/ControlRig/Content/Controls/ControlRig_Sphere_1mm.ubulk" 592
"../../../Engine/Plugins/Animation/ControlRig/Content/Controls/ControlRig_Sphere_1mm.uasset" 593
"../../../Engine/Plugins/Animation/ControlRig/Content/Controls/ControlRig_Sphere_1mm.uexp" 594
"../../../Engine/Plugins/Animation/ControlRig/Content/Controls/ControlRig_RoundedTriangle_solid.ubulk" 595
"../../../Engine/Plugins/Animation/ControlRig/Content/Controls/ControlRig_RoundedTriangle_solid.uasset" 596
"../../../Engine/Plugins/Animation/ControlRig/Content/Controls/ControlRig_RoundedTriangle_solid.uexp" 597
"../../../Engine/Plugins/Animation/ControlRig/Content/Controls/ControlRig_RoundedTriangle_3mm.ubulk" 598
"../../../Engine/Plugins/Animation/ControlRig/Content/Controls/ControlRig_RoundedTriangle_3mm.uasset" 599
"../../../Engine/Plugins/Animation/ControlRig/Content/Controls/ControlRig_RoundedTriangle_3mm.uexp" 600
"../../../Engine/Plugins/Animation/ControlRig/Content/Controls/ControlRig_RoundedTriangle_1mm.ubulk" 601
"../../../Engine/Plugins/Animation/ControlRig/Content/Controls/ControlRig_RoundedTriangle_1mm.uasset" 602
"../../../Engine/Plugins/Animation/ControlRig/Content/Controls/ControlRig_RoundedTriangle_1mm.uexp" 603
"../../../Engine/Plugins/Animation/ControlRig/Content/Controls/ControlRig_RoundedSquare_solid.ubulk" 604
"../../../Engine/Plugins/Animation/ControlRig/Content/Controls/ControlRig_RoundedSquare_solid.uasset" 605
"../../../Engine/Plugins/Animation/ControlRig/Content/Controls/ControlRig_RoundedSquare_solid.uexp" 606
"../../../Engine/Plugins/Animation/ControlRig/Content/Controls/ControlRig_RoundedSquare_3mm.ubulk" 607
"../../../Engine/Plugins/Animation/ControlRig/Content/Controls/ControlRig_RoundedSquare_3mm.uasset" 608
"../../../Engine/Plugins/Animation/ControlRig/Content/Controls/ControlRig_RoundedSquare_3mm.uexp" 609
"../../../Engine/Plugins/Animation/ControlRig/Content/Controls/ControlRig_RoundedSquare_1mm.ubulk" 610
"../../../Engine/Plugins/Animation/ControlRig/Content/Controls/ControlRig_RoundedSquare_1mm.uasset" 611
"../../../Engine/Plugins/Animation/ControlRig/Content/Controls/ControlRig_RoundedSquare_1mm.uexp" 612
"../../../Engine/Plugins/Animation/ControlRig/Content/Controls/ControlRig_QuarterCircle_solid.ubulk" 613
"../../../Engine/Plugins/Animation/ControlRig/Content/Controls/ControlRig_QuarterCircle_solid.uasset" 614
"../../../Engine/Plugins/Animation/ControlRig/Content/Controls/ControlRig_QuarterCircle_solid.uexp" 615
"../../../Engine/Plugins/Animation/ControlRig/Content/Controls/ControlRig_QuarterCircle_3mm.ubulk" 616
"../../../Engine/Plugins/Animation/ControlRig/Content/Controls/ControlRig_QuarterCircle_3mm.uasset" 617
"../../../Engine/Plugins/Animation/ControlRig/Content/Controls/ControlRig_QuarterCircle_3mm.uexp" 618
"../../../Engine/Plugins/Animation/ControlRig/Content/Controls/ControlRig_QuarterCircle_1mm.ubulk" 619
"../../../Engine/Plugins/Animation/ControlRig/Content/Controls/ControlRig_QuarterCircle_1mm.uasset" 620
"../../../Engine/Plugins/Animation/ControlRig/Content/Controls/ControlRig_QuarterCircle_1mm.uexp" 621
"../../../Engine/Plugins/Animation/ControlRig/Content/Controls/ControlRig_Pyramid_solid.ubulk" 622
"../../../Engine/Plugins/Animation/ControlRig/Content/Controls/ControlRig_Pyramid_solid.uasset" 623
"../../../Engine/Plugins/Animation/ControlRig/Content/Controls/ControlRig_Pyramid_solid.uexp" 624
"../../../Engine/Plugins/Animation/ControlRig/Content/Controls/ControlRig_Pyramid_3mm.ubulk" 625
"../../../Engine/Plugins/Animation/ControlRig/Content/Controls/ControlRig_Pyramid_3mm.uasset" 626
"../../../Engine/Plugins/Animation/ControlRig/Content/Controls/ControlRig_Pyramid_3mm.uexp" 627
"../../../Engine/Plugins/Animation/ControlRig/Content/Controls/ControlRig_Pyramid_1mm.ubulk" 628
"../../../Engine/Plugins/Animation/ControlRig/Content/Controls/ControlRig_Pyramid_1mm.uasset" 629
"../../../Engine/Plugins/Animation/ControlRig/Content/Controls/ControlRig_Pyramid_1mm.uexp" 630
"../../../Engine/Plugins/Animation/ControlRig/Content/Controls/ControlRig_Octagon_solid.ubulk" 631
"../../../Engine/Plugins/Animation/ControlRig/Content/Controls/ControlRig_Octagon_solid.uasset" 632
"../../../Engine/Plugins/Animation/ControlRig/Content/Controls/ControlRig_Octagon_solid.uexp" 633
"../../../Engine/Plugins/Animation/ControlRig/Content/Controls/ControlRig_Octagon_3mm.ubulk" 634
"../../../Engine/Plugins/Animation/ControlRig/Content/Controls/ControlRig_Octagon_3mm.uasset" 635
"../../../Engine/Plugins/Animation/ControlRig/Content/Controls/ControlRig_Octagon_3mm.uexp" 636
"../../../Engine/Plugins/Animation/ControlRig/Content/Controls/ControlRig_Octagon_1mm.ubulk" 637
"../../../Engine/Plugins/Animation/ControlRig/Content/Controls/ControlRig_Octagon_1mm.uasset" 638
"../../../Engine/Plugins/Animation/ControlRig/Content/Controls/ControlRig_Octagon_1mm.uexp" 639
"../../../Engine/Plugins/Animation/ControlRig/Content/Controls/ControlRig_Hexagon_solid.ubulk" 640
"../../../Engine/Plugins/Animation/ControlRig/Content/Controls/ControlRig_Hexagon_solid.uasset" 641
"../../../Engine/Plugins/Animation/ControlRig/Content/Controls/ControlRig_Hexagon_solid.uexp" 642
"../../../Engine/Plugins/Animation/ControlRig/Content/Controls/ControlRig_Hexagon_3mm.ubulk" 643
"../../../Engine/Plugins/Animation/ControlRig/Content/Controls/ControlRig_Hexagon_3mm.uasset" 644
"../../../Engine/Plugins/Animation/ControlRig/Content/Controls/ControlRig_Hexagon_3mm.uexp" 645
"../../../Engine/Plugins/Animation/ControlRig/Content/Controls/ControlRig_Hexagon_1mm.ubulk" 646
"../../../Engine/Plugins/Animation/ControlRig/Content/Controls/ControlRig_Hexagon_1mm.uasset" 647
"../../../Engine/Plugins/Animation/ControlRig/Content/Controls/ControlRig_Hexagon_1mm.uexp" 648
"../../../Engine/Plugins/Animation/ControlRig/Content/Controls/ControlRig_HalfCircle_solid.ubulk" 649
"../../../Engine/Plugins/Animation/ControlRig/Content/Controls/ControlRig_HalfCircle_solid.uasset" 650
"../../../Engine/Plugins/Animation/ControlRig/Content/Controls/ControlRig_HalfCircle_solid.uexp" 651
"../../../Engine/Plugins/Animation/ControlRig/Content/Controls/ControlRig_HalfCircle_3mm.ubulk" 652
"../../../Engine/Plugins/Animation/ControlRig/Content/Controls/ControlRig_HalfCircle_3mm.uasset" 653
"../../../Engine/Plugins/Animation/ControlRig/Content/Controls/ControlRig_HalfCircle_3mm.uexp" 654
"../../../Engine/Plugins/Animation/ControlRig/Content/Controls/ControlRig_HalfCircle_1mm.ubulk" 655
"../../../Engine/Plugins/Animation/ControlRig/Content/Controls/ControlRig_HalfCircle_1mm.uasset" 656
"../../../Engine/Plugins/Animation/ControlRig/Content/Controls/ControlRig_HalfCircle_1mm.uexp" 657
"../../../Engine/Plugins/Animation/ControlRig/Content/Controls/ControlRig_Diamond_solid.ubulk" 658
"../../../Engine/Plugins/Animation/ControlRig/Content/Controls/ControlRig_Diamond_solid.uasset" 659
"../../../Engine/Plugins/Animation/ControlRig/Content/Controls/ControlRig_Diamond_solid.uexp" 660
"../../../Engine/Plugins/Animation/ControlRig/Content/Controls/ControlRig_Diamond_3mm.ubulk" 661
"../../../Engine/Plugins/Animation/ControlRig/Content/Controls/ControlRig_Diamond_3mm.uasset" 662
"../../../Engine/Plugins/Animation/ControlRig/Content/Controls/ControlRig_Diamond_3mm.uexp" 663
"../../../Engine/Plugins/Animation/ControlRig/Content/Controls/ControlRig_Diamond_1mm.ubulk" 664
"../../../Engine/Plugins/Animation/ControlRig/Content/Controls/ControlRig_Diamond_1mm.uasset" 665
"../../../Engine/Plugins/Animation/ControlRig/Content/Controls/ControlRig_Diamond_1mm.uexp" 666
"../../../Engine/Plugins/Animation/ControlRig/Content/Controls/ControlRig_Circle_solid.ubulk" 667
"../../../Engine/Plugins/Animation/ControlRig/Content/Controls/ControlRig_Circle_solid.uasset" 668
"../../../Engine/Plugins/Animation/ControlRig/Content/Controls/ControlRig_Circle_solid.uexp" 669
"../../../Engine/Plugins/Animation/ControlRig/Content/Controls/ControlRig_Circle_3mm.ubulk" 670
"../../../Engine/Plugins/Animation/ControlRig/Content/Controls/ControlRig_Circle_3mm.uasset" 671
"../../../Engine/Plugins/Animation/ControlRig/Content/Controls/ControlRig_Circle_3mm.uexp" 672
"../../../Engine/Plugins/Animation/ControlRig/Content/Controls/ControlRig_Circle_1mm.ubulk" 673
"../../../Engine/Plugins/Animation/ControlRig/Content/Controls/ControlRig_Circle_1mm.uasset" 674
"../../../Engine/Plugins/Animation/ControlRig/Content/Controls/ControlRig_Circle_1mm.uexp" 675
"../../../Engine/Plugins/Animation/ControlRig/Content/Controls/ControlRig_Box_solid.ubulk" 676
"../../../Engine/Plugins/Animation/ControlRig/Content/Controls/ControlRig_Box_solid.uasset" 677
"../../../Engine/Plugins/Animation/ControlRig/Content/Controls/ControlRig_Box_solid.uexp" 678
"../../../Engine/Plugins/Animation/ControlRig/Content/Controls/ControlRig_Box_3mm.ubulk" 679
"../../../Engine/Plugins/Animation/ControlRig/Content/Controls/ControlRig_Box_3mm.uasset" 680
"../../../Engine/Plugins/Animation/ControlRig/Content/Controls/ControlRig_Box_3mm.uexp" 681
"../../../Engine/Plugins/Animation/ControlRig/Content/Controls/ControlRig_Box_1mm.ubulk" 682
"../../../Engine/Plugins/Animation/ControlRig/Content/Controls/ControlRig_Box_1mm.uasset" 683
"../../../Engine/Plugins/Animation/ControlRig/Content/Controls/ControlRig_Box_1mm.uexp" 684
"../../../Engine/Plugins/Animation/ControlRig/Content/Controls/ControlRig_Arrow_solid.ubulk" 685
"../../../Engine/Plugins/Animation/ControlRig/Content/Controls/ControlRig_Arrow_solid.uasset" 686
"../../../Engine/Plugins/Animation/ControlRig/Content/Controls/ControlRig_Arrow_solid.uexp" 687
"../../../Engine/Plugins/Animation/ControlRig/Content/Controls/ControlRig_Arrow_3mm.ubulk" 688
"../../../Engine/Plugins/Animation/ControlRig/Content/Controls/ControlRig_Arrow_3mm.uasset" 689
"../../../Engine/Plugins/Animation/ControlRig/Content/Controls/ControlRig_Arrow_3mm.uexp" 690
"../../../Engine/Plugins/Animation/ControlRig/Content/Controls/ControlRig_Arrow_1mm.ubulk" 691
"../../../Engine/Plugins/Animation/ControlRig/Content/Controls/ControlRig_Arrow_1mm.uasset" 692
"../../../Engine/Plugins/Animation/ControlRig/Content/Controls/ControlRig_Arrow_1mm.uexp" 693
"../../../Engine/Plugins/Animation/ControlRig/Content/Controls/ControlRig_Arrow4_solid.ubulk" 694
"../../../Engine/Plugins/Animation/ControlRig/Content/Controls/ControlRig_Arrow4_solid.uasset" 695
"../../../Engine/Plugins/Animation/ControlRig/Content/Controls/ControlRig_Arrow4_solid.uexp" 696
"../../../Engine/Plugins/Animation/ControlRig/Content/Controls/ControlRig_Arrow4_3mm.ubulk" 697
"../../../Engine/Plugins/Animation/ControlRig/Content/Controls/ControlRig_Arrow4_3mm.uasset" 698
"../../../Engine/Plugins/Animation/ControlRig/Content/Controls/ControlRig_Arrow4_3mm.uexp" 699
"../../../Engine/Plugins/Animation/ControlRig/Content/Controls/ControlRig_Arrow4_1mm.ubulk" 700
"../../../Engine/Plugins/Animation/ControlRig/Content/Controls/ControlRig_Arrow4_1mm.uasset" 701
"../../../Engine/Plugins/Animation/ControlRig/Content/Controls/ControlRig_Arrow4_1mm.uexp" 702
"../../../Engine/Plugins/Animation/ControlRig/Content/Controls/ControlRig_Arrow2_solid.ubulk" 703
"../../../Engine/Plugins/Animation/ControlRig/Content/Controls/ControlRig_Arrow2_solid.uasset" 704
"../../../Engine/Plugins/Animation/ControlRig/Content/Controls/ControlRig_Arrow2_solid.uexp" 705
"../../../Engine/Plugins/Animation/ControlRig/Content/Controls/ControlRig_Arrow2_3mm.ubulk" 706
"../../../Engine/Plugins/Animation/ControlRig/Content/Controls/ControlRig_Arrow2_3mm.uasset" 707
"../../../Engine/Plugins/Animation/ControlRig/Content/Controls/ControlRig_Arrow2_3mm.uexp" 708
"../../../Engine/Plugins/Animation/ControlRig/Content/Controls/ControlRig_Arrow2_1mm.ubulk" 709
"../../../Engine/Plugins/Animation/ControlRig/Content/Controls/ControlRig_Arrow2_1mm.uasset" 710
"../../../Engine/Plugins/Animation/ControlRig/Content/Controls/ControlRig_Arrow2_1mm.uexp" 711
"../../../Engine/Plugins/Animation/ControlRig/Content/Controls/ControlRigXRayMaterial.uasset" 712
"../../../Engine/Plugins/Animation/ControlRig/Content/Controls/ControlRigXRayMaterial.uexp" 713
"../../../Engine/Plugins/Animation/ControlRig/Content/Controls/ControlRigGizmoMaterial.uasset" 714
"../../../Engine/Plugins/Animation/ControlRig/Content/Controls/ControlRigGizmoMaterial.uexp" 715
"../../../Engine/Plugins/2D/Paper2D/Content/DefaultSpriteMaterial.uasset" 716
"../../../Engine/Plugins/2D/Paper2D/Content/DefaultSpriteMaterial.uexp" 717
"../../../Engine/Plugins/2D/Paper2D/Content/OpaqueUnlitSpriteMaterial.uasset" 718
"../../../Engine/Plugins/2D/Paper2D/Content/OpaqueUnlitSpriteMaterial.uexp" 719
"../../../Engine/Plugins/2D/Paper2D/Content/MaskedUnlitSpriteMaterial.uasset" 720
"../../../Engine/Plugins/2D/Paper2D/Content/MaskedUnlitSpriteMaterial.uexp" 721
"../../../Engine/Content/VREditor/LaserPointer/VR_LaserPower_01.ubulk" 722
"../../../Engine/Content/VREditor/LaserPointer/VR_LaserPower_01.uasset" 723
"../../../Engine/Content/VREditor/LaserPointer/VR_LaserPower_01.uexp" 724
"../../../Engine/Content/VREditor/TransformGizmo/TransformGizmoMaterial.uasset" 725
"../../../Engine/Content/VREditor/TransformGizmo/TransformGizmoMaterial.uexp" 726
"../../../Engine/Content/VREditor/TransformGizmo/TranslucentTransformGizmoMaterial.uasset" 727
"../../../Engine/Content/VREditor/TransformGizmo/TranslucentTransformGizmoMaterial.uexp" 728
"../../../Engine/Content/VREditor/TransformGizmo/StartRotationHandleIndicator.ubulk" 729
"../../../Engine/Content/VREditor/TransformGizmo/StartRotationHandleIndicator.uasset" 730
"../../../Engine/Content/VREditor/TransformGizmo/StartRotationHandleIndicator.uexp" 731
"../../../Engine/Content/VREditor/Sounds/UI/Drop_Item_From_ContentBrowser.ubulk" 732
"../../../Engine/Content/VREditor/Sounds/UI/Drop_Item_From_ContentBrowser.uasset" 733
"../../../Engine/Content/VREditor/Sounds/UI/Drop_Item_From_ContentBrowser.uexp" 734
"../../../Engine/Content/VREditor/TransformGizmo/PlaneTranslationHandle.ubulk" 735
"../../../Engine/Content/VREditor/TransformGizmo/PlaneTranslationHandle.uasset" 736
"../../../Engine/Content/VREditor/TransformGizmo/PlaneTranslationHandle.uexp" 737
"../../../Engine/Content/VREditor/Sounds/UI/Object_Snaps_To_Grid.ubulk" 738
"../../../Engine/Content/VREditor/Sounds/UI/Object_Snaps_To_Grid.uasset" 739
"../../../Engine/Content/VREditor/Sounds/UI/Object_Snaps_To_Grid.uexp" 740
"../../../Engine/Content/VREditor/Sounds/UI/Selection_Changes.ubulk" 741
"../../../Engine/Content/VREditor/Sounds/UI/Selection_Changes.uasset" 742
"../../../Engine/Content/VREditor/Sounds/UI/Selection_Changes.uexp" 743
"../../../Engine/Content/VREditor/Sounds/UI/Object_Snaps_To_Another_Actor.ubulk" 744
"../../../Engine/Content/VREditor/Sounds/UI/Object_Snaps_To_Another_Actor.uasset" 745
"../../../Engine/Content/VREditor/Sounds/UI/Object_Snaps_To_Another_Actor.uexp" 746
"../../../Engine/Content/VREditor/TransformGizmo/TranslucentTransformGizmoMaterial_Inst.uasset" 747
"../../../Engine/Content/VREditor/TransformGizmo/TranslucentTransformGizmoMaterial_Inst.uexp" 748
"../../../Engine/Content/VREditor/TransformGizmo/TransformGizmoFreeRotation.ubulk" 749
"../../../Engine/Content/VREditor/TransformGizmo/TransformGizmoFreeRotation.uasset" 750
"../../../Engine/Content/VREditor/TransformGizmo/TransformGizmoFreeRotation.uexp" 751
"../../../Engine/Content/VREditor/Sounds/UI/Scaling_Down.ubulk" 752
"../../../Engine/Content/VREditor/Sounds/UI/Scaling_Down.uasset" 753
"../../../Engine/Content/VREditor/Sounds/UI/Scaling_Down.uexp" 754
"../../../Engine/Content/Functions/Engine_MaterialFunctions02/SplitComponents.uasset" 755
"../../../Engine/Content/Functions/Engine_MaterialFunctions02/SplitComponents.uexp" 756
"../../../Engine/Content/VREditor/SnapGrid/SnapGridMaterial.uasset" 757
"../../../Engine/Content/VREditor/SnapGrid/SnapGridMaterial.uexp" 758
"../../../Engine/Content/VREditor/SnapGrid/SnapGridPlaneMesh.ubulk" 759
"../../../Engine/Content/VREditor/SnapGrid/SnapGridPlaneMesh.uasset" 760
"../../../Engine/Content/VREditor/SnapGrid/SnapGridPlaneMesh.uexp" 761
"../../../Engine/Content/VREditor/Sounds/UI/Scaling_Up.ubulk" 762
"../../../Engine/Content/VREditor/Sounds/UI/Scaling_Up.uasset" 763
"../../../Engine/Content/VREditor/Sounds/UI/Scaling_Up.uexp" 764
"../../../Engine/Content/VREditor/TransformGizmo/TransformGizmoMaterial_Inst.uasset" 765
"../../../Engine/Content/VREditor/TransformGizmo/TransformGizmoMaterial_Inst.uexp" 766
"../../../Engine/Content/VREditor/Sounds/UI/Gizmo_Handle_Clicked.ubulk" 767
"../../../Engine/Content/VREditor/Sounds/UI/Gizmo_Handle_Clicked.uasset" 768
"../../../Engine/Content/VREditor/Sounds/UI/Gizmo_Handle_Clicked.uexp" 769
"../../../Engine/Content/VREditor/TransformGizmo/RotationHandleQuarter.ubulk" 770
"../../../Engine/Content/VREditor/TransformGizmo/RotationHandleQuarter.uasset" 771
"../../../Engine/Content/VREditor/TransformGizmo/RotationHandleQuarter.uexp" 772
"../../../Engine/Content/VREditor/TransformGizmo/TranslateArrowHandle.ubulk" 773
"../../../Engine/Content/VREditor/TransformGizmo/TranslateArrowHandle.uasset" 774
"../../../Engine/Content/VREditor/TransformGizmo/TranslateArrowHandle.uexp" 775
"../../../Engine/Content/VREditor/TransformGizmo/RotationHandleIndicator.ubulk" 776
"../../../Engine/Content/VREditor/TransformGizmo/RotationHandleIndicator.uasset" 777
"../../../Engine/Content/VREditor/TransformGizmo/RotationHandleIndicator.uexp" 778
"../../../Engine/Content/VREditor/TransformGizmo/UniformScaleHandle.ubulk" 779
"../../../Engine/Content/VREditor/TransformGizmo/UniformScaleHandle.uasset" 780
"../../../Engine/Content/VREditor/TransformGizmo/UniformScaleHandle.uexp" 781
"../../../Engine/Content/VREditor/TransformGizmo/RotationHandleFull.ubulk" 782
"../../../Engine/Content/VREditor/TransformGizmo/RotationHandleFull.uasset" 783
"../../../Engine/Content/VREditor/TransformGizmo/RotationHandleFull.uexp" 784
"../../../Engine/Content/VREditor/Sounds/UI/Object_PickUp.ubulk" 785
"../../../Engine/Content/VREditor/Sounds/UI/Object_PickUp.uasset" 786
"../../../Engine/Content/VREditor/Sounds/UI/Object_PickUp.uexp" 787
"../../../Engine/Content/VREditor/TransformGizmo/BoundingBoxEdge.ubulk" 788
"../../../Engine/Content/VREditor/TransformGizmo/BoundingBoxEdge.uasset" 789
"../../../Engine/Content/VREditor/TransformGizmo/BoundingBoxEdge.uexp" 790
"../../../Engine/Content/VREditor/TransformGizmo/BoundingBoxCorner.ubulk" 791
"../../../Engine/Content/VREditor/TransformGizmo/BoundingBoxCorner.uasset" 792
"../../../Engine/Content/VREditor/TransformGizmo/BoundingBoxCorner.uexp" 793
"../../../Engine/Content/EngineSky/VolumetricClouds/T_CloudMask.ubulk" 794
"../../../Engine/Content/EngineSky/VolumetricClouds/T_CloudMask.uasset" 795
"../../../Engine/Content/EngineSky/VolumetricClouds/T_CloudMask.uexp" 796
"../../../Engine/Content/EngineSky/VolumetricClouds/VT_Lightning.uasset" 797
"../../../Engine/Content/EngineSky/VolumetricClouds/VT_Lightning.uexp" 798
"../../../Engine/Content/EngineSky/VolumetricClouds/T_Profile_08.ubulk" 799
"../../../Engine/Content/EngineSky/VolumetricClouds/T_Profile_08.uasset" 800
"../../../Engine/Content/EngineSky/VolumetricClouds/T_Profile_08.uexp" 801
"../../../Engine/Content/Functions/Engine_MaterialFunctions02/Utility/MakeFloat4.uasset" 802
"../../../Engine/Content/Functions/Engine_MaterialFunctions02/Utility/MakeFloat4.uexp" 803
"../../../Engine/Content/Functions/Engine_MaterialFunctions01/Units/Km-to-Cm.uasset" 804
"../../../Engine/Content/Functions/Engine_MaterialFunctions01/Units/Km-to-Cm.uexp" 805
"../../../Engine/Content/Functions/Engine_MaterialFunctions02/Utility/BreakOutFloat4Components.uasset" 806
"../../../Engine/Content/Functions/Engine_MaterialFunctions02/Utility/BreakOutFloat4Components.uexp" 807
"../../../Engine/Content/EngineSky/VolumetricClouds/T_CloudPattern.ubulk" 808
"../../../Engine/Content/EngineSky/VolumetricClouds/T_CloudPattern.uasset" 809
"../../../Engine/Content/EngineSky/VolumetricClouds/T_CloudPattern.uexp" 810
"../../../Engine/Content/EngineSky/VolumetricClouds/VT_PerlinWorley_Balanced.uasset" 811
"../../../Engine/Content/EngineSky/VolumetricClouds/VT_PerlinWorley_Balanced.uexp" 812
"../../../Engine/Content/EngineSky/VolumetricClouds/m_SimpleVolumetricCloud.uasset" 813
"../../../Engine/Content/EngineSky/VolumetricClouds/m_SimpleVolumetricCloud.uexp" 814
"../../../Engine/Content/EngineSky/VolumetricClouds/m_SimpleVolumetricCloud_Inst.uasset" 815
"../../../Engine/Content/EngineSky/VolumetricClouds/m_SimpleVolumetricCloud_Inst.uexp" 816
"../../../Engine/Content/EngineResources/WhiteSquareTexture.uasset" 817
"../../../Engine/Content/EngineResources/WhiteSquareTexture.uexp" 818
"../../../Engine/Content/EngineMaterials/Widget3DPassThrough.uasset" 819
"../../../Engine/Content/EngineMaterials/Widget3DPassThrough.uexp" 820
"../../../Engine/Content/EngineMaterials/Widget3DPassThrough_Translucent.uasset" 821
"../../../Engine/Content/EngineMaterials/Widget3DPassThrough_Translucent.uexp" 822
"../../../Engine/Content/EngineMaterials/Widget3DPassThrough_Translucent_OneSided.uasset" 823
"../../../Engine/Content/EngineMaterials/Widget3DPassThrough_Translucent_OneSided.uexp" 824
"../../../Engine/Content/EngineMaterials/Widget3DPassThrough_Opaque.uasset" 825
"../../../Engine/Content/EngineMaterials/Widget3DPassThrough_Opaque.uexp" 826
"../../../Engine/Content/EngineMaterials/Widget3DPassThrough_Opaque_OneSided.uasset" 827
"../../../Engine/Content/EngineMaterials/Widget3DPassThrough_Opaque_OneSided.uexp" 828
"../../../Engine/Content/EngineMaterials/Widget3DPassThrough_Masked_OneSided.uasset" 829
"../../../Engine/Content/EngineMaterials/Widget3DPassThrough_Masked_OneSided.uexp" 830
"../../../Engine/Content/EngineMaterials/Widget3DPassThrough_Masked.uasset" 831
"../../../Engine/Content/EngineMaterials/Widget3DPassThrough_Masked.uexp" 832
"../../../Engine/Content/EngineMaterials/WeightMapPlaceholderTexture.uasset" 833
"../../../Engine/Content/EngineMaterials/WeightMapPlaceholderTexture.uexp" 834
"../../../Engine/Content/EngineMaterials/WeightMapArrayPlaceholderTexture.uasset" 835
"../../../Engine/Content/EngineMaterials/WeightMapArrayPlaceholderTexture.uexp" 836
"../../../Engine/Content/EngineMaterials/RemoveSurfaceMaterial.uasset" 837
"../../../Engine/Content/EngineMaterials/RemoveSurfaceMaterial.uexp" 838
"../../../Engine/Content/EngineMaterials/DefaultCalibrationGrayscale.uasset" 839
"../../../Engine/Content/EngineMaterials/DefaultCalibrationGrayscale.uexp" 840
"../../../Engine/Content/EngineMaterials/PPM_DefaultCalibrationGrayscale.uasset" 841
"../../../Engine/Content/EngineMaterials/PPM_DefaultCalibrationGrayscale.uexp" 842
"../../../Engine/Content/EngineMaterials/DefaultCalibrationColor.uasset" 843
"../../../Engine/Content/EngineMaterials/DefaultCalibrationColor.uexp" 844
"../../../Engine/Content/EngineMaterials/PPM_DefaultCalibrationColor.uasset" 845
"../../../Engine/Content/EngineMaterials/PPM_DefaultCalibrationColor.uexp" 846
"../../../Engine/Content/EngineMaterials/PhAT_JointLimitMaterial.uasset" 847
"../../../Engine/Content/EngineMaterials/PhAT_JointLimitMaterial.uexp" 848
"../../../Engine/Content/EngineMaterials/NaniteHiddenSectionMaterial.uasset" 849
"../../../Engine/Content/EngineMaterials/NaniteHiddenSectionMaterial.uexp" 850
"../../../Engine/Content/EngineMaterials/InvalidLightmapSettings.ubulk" 851
"../../../Engine/Content/EngineMaterials/InvalidLightmapSettings.uasset" 852
"../../../Engine/Content/EngineMaterials/InvalidLightmapSettings.uexp" 853
"../../../Engine/Content/EngineMaterials/M_InvalidLightmapSettings.uasset" 854
"../../../Engine/Content/EngineMaterials/M_InvalidLightmapSettings.uexp" 855
"../../../Engine/Content/EngineMaterials/GizmoMaterial.uasset" 856
"../../../Engine/Content/EngineMaterials/GizmoMaterial.uexp" 857
"../../../Engine/Content/EngineMaterials/BaseFlattenEmissiveMap_VT.uasset" 858
"../../../Engine/Content/EngineMaterials/BaseFlattenEmissiveMap_VT.uexp" 859
"../../../Engine/Content/EngineMaterials/BaseFlattenGrayscaleMap_VT.uasset" 860
"../../../Engine/Content/EngineMaterials/BaseFlattenGrayscaleMap_VT.uexp" 861
"../../../Engine/Content/EngineMaterials/BaseFlattenLinearColor_VT.uasset" 862
"../../../Engine/Content/EngineMaterials/BaseFlattenLinearColor_VT.uexp" 863
"../../../Engine/Content/EngineMaterials/Black_1x1_EXR_Texture_VT.uasset" 864
"../../../Engine/Content/EngineMaterials/Black_1x1_EXR_Texture_VT.uexp" 865
"../../../Engine/Content/EngineMaterials/BaseFlattenDiffuseMap_VT.uasset" 866
"../../../Engine/Content/EngineMaterials/BaseFlattenDiffuseMap_VT.uexp" 867
"../../../Engine/Content/EngineMaterials/BaseFlattenNormalMap_VT.uasset" 868
"../../../Engine/Content/EngineMaterials/BaseFlattenNormalMap_VT.uexp" 869
"../../../Engine/Content/EngineMaterials/FlattenMaterial_WS_Normal_VT.uasset" 870
"../../../Engine/Content/EngineMaterials/FlattenMaterial_WS_Normal_VT.uexp" 871
"../../../Engine/Content/EngineMaterials/FlattenMaterial_VT.uasset" 872
"../../../Engine/Content/EngineMaterials/FlattenMaterial_VT.uexp" 873
"../../../Engine/Content/EngineMaterials/BaseFlattenNormalMap.uasset" 874
"../../../Engine/Content/EngineMaterials/BaseFlattenNormalMap.uexp" 875
"../../../Engine/Content/EngineMaterials/BaseFlattenGrayscaleMap.uasset" 876
"../../../Engine/Content/EngineMaterials/BaseFlattenGrayscaleMap.uexp" 877
"../../../Engine/Content/EngineMaterials/BaseFlattenDiffuseMap.uasset" 878
"../../../Engine/Content/EngineMaterials/BaseFlattenDiffuseMap.uexp" 879
"../../../Engine/Content/Functions/Engine_MaterialFunctions02/PivotPainter2/Black_1x1_EXR_Texture.uasset" 880
"../../../Engine/Content/Functions/Engine_MaterialFunctions02/PivotPainter2/Black_1x1_EXR_Texture.uexp" 881
"../../../Engine/Content/EngineMaterials/BaseFlattenEmissiveMap.uasset" 882
"../../../Engine/Content/EngineMaterials/BaseFlattenEmissiveMap.uexp" 883
"../../../Engine/Content/EngineMaterials/BaseFlattenLinearColor.uasset" 884
"../../../Engine/Content/EngineMaterials/BaseFlattenLinearColor.uexp" 885
"../../../Engine/Content/EngineMaterials/FlattenMaterial.uasset" 886
"../../../Engine/Content/EngineMaterials/FlattenMaterial.uexp" 887
"../../../Engine/Content/EngineMaterials/DefaultWhiteGrid_Low.uasset" 888
"../../../Engine/Content/EngineMaterials/DefaultWhiteGrid_Low.uexp" 889
"../../../Engine/Content/EngineMaterials/EmissiveMeshMaterial.uasset" 890
"../../../Engine/Content/EngineMaterials/EmissiveMeshMaterial.uexp" 891
"../../../Engine/Content/EngineFonts/RobotoDistanceField.uasset" 892
"../../../Engine/Content/EngineFonts/RobotoDistanceField.uexp" 893
"../../../Engine/Content/EngineMaterials/DefaultTextMaterialOpaque.uasset" 894
"../../../Engine/Content/EngineMaterials/DefaultTextMaterialOpaque.uexp" 895
"../../../Engine/Content/EngineMaterials/DefaultDiffuse.ubulk" 896
"../../../Engine/Content/EngineMaterials/DefaultDiffuse.uasset" 897
"../../../Engine/Content/EngineMaterials/DefaultDiffuse.uexp" 898
"../../../Engine/Content/EngineMaterials/DefaultPostProcessMaterial.uasset" 899
"../../../Engine/Content/EngineMaterials/DefaultPostProcessMaterial.uexp" 900
"../../../Engine/Content/EngineMaterials/DefaultLightFunctionMaterial.uasset" 901
"../../../Engine/Content/EngineMaterials/DefaultLightFunctionMaterial.uexp" 902
"../../../Engine/Content/EngineMaterials/DefaultDeferredDecalMaterial.uasset" 903
"../../../Engine/Content/EngineMaterials/DefaultDeferredDecalMaterial.uexp" 904
"../../../Engine/Content/EngineDebugMaterials/VolumeToRender.uasset" 905
"../../../Engine/Content/EngineDebugMaterials/VolumeToRender.uexp" 906
"../../../Engine/Content/EngineDebugMaterials/M_VolumeRenderSphereTracePP.uasset" 907
"../../../Engine/Content/EngineDebugMaterials/M_VolumeRenderSphereTracePP.uexp" 908
"../../../Engine/Content/EngineDebugMaterials/M_SimpleUnlitTranslucent.uasset" 909
"../../../Engine/Content/EngineDebugMaterials/M_SimpleUnlitTranslucent.uexp" 910
"../../../Engine/Content/EngineDebugMaterials/DebugMeshMaterial.uasset" 911
"../../../Engine/Content/EngineDebugMaterials/DebugMeshMaterial.uexp" 912
"../../../Engine/Content/EngineDebugMaterials/DebugEditorMaterial.uasset" 913
"../../../Engine/Content/EngineDebugMaterials/DebugEditorMaterial.uexp" 914
"../../../Engine/Content/EditorMaterials/Camera/CineMat.uasset" 915
"../../../Engine/Content/EditorMaterials/Camera/CineMat.uexp" 916
"../../../Engine/Content/EditorMaterials/Camera/MI_CineMat_Rig.uasset" 917
"../../../Engine/Content/EditorMaterials/Camera/MI_CineMat_Rig.uexp" 918
"../../../Engine/Content/EditorMeshes/Camera/SM_RailRig_Track.ubulk" 919
"../../../Engine/Content/EditorMeshes/Camera/SM_RailRig_Track.uasset" 920
"../../../Engine/Content/EditorMeshes/Camera/SM_RailRig_Track.uexp" 921
"../../../Engine/Content/EditorMeshes/Camera/SM_RailRig_Mount.ubulk" 922
"../../../Engine/Content/EditorMeshes/Camera/SM_RailRig_Mount.uasset" 923
"../../../Engine/Content/EditorMeshes/Camera/SM_RailRig_Mount.uexp" 924
"../../../Engine/Content/EditorMeshes/Camera/SM_CraneRig_Mount.ubulk" 925
"../../../Engine/Content/EditorMeshes/Camera/SM_CraneRig_Mount.uasset" 926
"../../../Engine/Content/EditorMeshes/Camera/SM_CraneRig_Mount.uexp" 927
"../../../Engine/Content/EditorMeshes/Camera/SM_CraneRig_Body.ubulk" 928
"../../../Engine/Content/EditorMeshes/Camera/SM_CraneRig_Body.uasset" 929
"../../../Engine/Content/EditorMeshes/Camera/SM_CraneRig_Body.uexp" 930
"../../../Engine/Content/EditorMeshes/Camera/SM_CraneRig_Base.ubulk" 931
"../../../Engine/Content/EditorMeshes/Camera/SM_CraneRig_Base.uasset" 932
"../../../Engine/Content/EditorMeshes/Camera/SM_CraneRig_Base.uexp" 933
"../../../Engine/Content/EditorMeshes/Camera/SM_CraneRig_Arm.ubulk" 934
"../../../Engine/Content/EditorMeshes/Camera/SM_CraneRig_Arm.uasset" 935
"../../../Engine/Content/EditorMeshes/Camera/SM_CraneRig_Arm.uexp" 936
"../../../Engine/Content/EditorMaterials/PreviewShadowIndicator.ubulk" 937
"../../../Engine/Content/EditorMaterials/PreviewShadowIndicator.uasset" 938
"../../../Engine/Content/EditorMaterials/PreviewShadowIndicator.uexp" 939
"../../../Engine/Content/EditorMaterials/PreviewShadowIndicatorMaterial.uasset" 940
"../../../Engine/Content/EditorMaterials/PreviewShadowIndicatorMaterial.uexp" 941
"../../../Engine/Content/EditorMaterials/PhAT_UnselectedMaterial.uasset" 942
"../../../Engine/Content/EditorMaterials/PhAT_UnselectedMaterial.uexp" 943
"../../../Engine/Content/EditorMaterials/PhAT_NoCollisionMaterial.uasset" 944
"../../../Engine/Content/EditorMaterials/PhAT_NoCollisionMaterial.uexp" 945
"../../../Engine/Content/EditorMaterials/Dataflow/DataflowVertexMaterial.uasset" 946
"../../../Engine/Content/EditorMaterials/Dataflow/DataflowVertexMaterial.uexp" 947
"../../../Engine/Content/EditorMaterials/Dataflow/DataflowTwoSidedVertexMaterial.uasset" 948
"../../../Engine/Content/EditorMaterials/Dataflow/DataflowTwoSidedVertexMaterial.uexp" 949
"../../../Engine/Content/EditorLandscapeResources/SplineEditorMeshMat.uasset" 950
"../../../Engine/Content/EditorLandscapeResources/SplineEditorMeshMat.uexp" 951
"../../../Engine/Content/EditorLandscapeResources/SplineEditorMesh.ubulk" 952
"../../../Engine/Content/EditorLandscapeResources/SplineEditorMesh.uasset" 953
"../../../Engine/Content/EditorLandscapeResources/SplineEditorMesh.uexp" 954
"../../../Engine/Content/EngineMaterials/DefaultMaterial.uasset" 955
"../../../Engine/Content/EngineMaterials/DefaultMaterial.uexp" 956
"../../../Engine/Content/BasicShapes/Sphere.ubulk" 957
"../../../Engine/Content/BasicShapes/Sphere.uasset" 958
"../../../Engine/Content/BasicShapes/Sphere.uexp" 959
"../../../Engine/Content/BasicShapes/Cylinder.ubulk" 960
"../../../Engine/Content/BasicShapes/Cylinder.uasset" 961
"../../../Engine/Content/BasicShapes/Cylinder.uexp" 962
"../../../Engine/Content/BasicShapes/Cube.ubulk" 963
"../../../Engine/Content/BasicShapes/Cube.uasset" 964
"../../../Engine/Content/BasicShapes/Cube.uexp" 965
"../../../Engine/Content/BasicShapes/Cone.ubulk" 966
"../../../Engine/Content/BasicShapes/Cone.uasset" 967
"../../../Engine/Content/BasicShapes/Cone.uexp" 968
"../../../Engine/Content/BasicShapes/BasicShapeMaterial.uasset" 969
"../../../Engine/Content/BasicShapes/BasicShapeMaterial.uexp" 970
"../../../Engine/Content/Functions/Engine_MaterialFunctions01/Shading/PowerToRoughness.uasset" 971
"../../../Engine/Content/Functions/Engine_MaterialFunctions01/Shading/PowerToRoughness.uexp" 972
"../../../Engine/Content/Functions/Engine_MaterialFunctions01/Shading/ConvertFromDiffSpec.uasset" 973
"../../../Engine/Content/Functions/Engine_MaterialFunctions01/Shading/ConvertFromDiffSpec.uexp" 974
"../../../Engine/Content/EngineMaterials/Substrate/Volume/SubstrateSimpleVolumeLUT3D.uasset" 975
"../../../Engine/Content/EngineMaterials/Substrate/Volume/SubstrateSimpleVolumeLUT3D.uexp" 976
"../../../Engine/Content/EngineMaterials/Substrate/Volume/SubstrateSimpleVolumeEnvLUT3D.uasset" 977
"../../../Engine/Content/EngineMaterials/Substrate/Volume/SubstrateSimpleVolumeEnvLUT3D.uexp" 978
"../../../Engine/Content/EngineMaterials/Substrate/GLints2/AGlintTex2dArray2.uasset" 979
"../../../Engine/Content/EngineMaterials/Substrate/GLints2/AGlintTex2dArray2.uexp" 980
"../../../Engine/Content/EngineMaterials/Substrate/GLints/AGlintTex2dArray.uasset" 981
"../../../Engine/Content/EngineMaterials/Substrate/GLints/AGlintTex2dArray.uexp" 982
"../../../Engine/Content/ArtTools/RenderToTexture/Meshes/S_1_Unit_Plane.ubulk" 983
"../../../Engine/Content/ArtTools/RenderToTexture/Meshes/S_1_Unit_Plane.uasset" 984
"../../../Engine/Content/ArtTools/RenderToTexture/Meshes/S_1_Unit_Plane.uexp" 985
"../../../Engine/Plugins/NNE/NNEDenoiser/Content/NNE_oidn2-3-0_rt_hdr_calb_cnrm_large__dyn__fp16_opset11_ForwardAlpha.uasset" 986
"../../../Engine/Plugins/NNE/NNEDenoiser/Content/NNE_oidn2-3-0_rt_hdr_calb_cnrm_large__dyn__fp16_opset11_ForwardAlpha.uexp" 987
"../../../Engine/Plugins/NNE/NNEDenoiser/Content/NNE_oidn2-3-0_rt_hdr_calb_cnrm_large__dyn__fp16_opset11_DenoiseAlpha.uasset" 988
"../../../Engine/Plugins/NNE/NNEDenoiser/Content/NNE_oidn2-3-0_rt_hdr_calb_cnrm_large__dyn__fp16_opset11_DenoiseAlpha.uexp" 989
"../../../Engine/Plugins/NNE/NNEDenoiser/Content/NNE_oidn2-3-0_rt_hdr_alb_nrm__dyn__fp16_opset11_ForwardAlpha.uasset" 990
"../../../Engine/Plugins/NNE/NNEDenoiser/Content/NNE_oidn2-3-0_rt_hdr_alb_nrm__dyn__fp16_opset11_ForwardAlpha.uexp" 991
"../../../Engine/Plugins/NNE/NNEDenoiser/Content/NNE_oidn2-3-0_rt_hdr_alb_nrm__dyn__fp16_opset11_DenoiseAlpha.uasset" 992
"../../../Engine/Plugins/NNE/NNEDenoiser/Content/NNE_oidn2-3-0_rt_hdr_alb_nrm__dyn__fp16_opset11_DenoiseAlpha.uexp" 993
"../../../Engine/Plugins/NNE/NNEDenoiser/Content/NNE_oidn2-3-0_rt_hdr_alb_nrm_small__dyn__fp16_opset11_ForwardAlpha.uasset" 994
"../../../Engine/Plugins/NNE/NNEDenoiser/Content/NNE_oidn2-3-0_rt_hdr_alb_nrm_small__dyn__fp16_opset11_ForwardAlpha.uexp" 995
"../../../Engine/Plugins/NNE/NNEDenoiser/Content/NNE_oidn2-3-0_rt_hdr_alb_nrm_small__dyn__fp16_opset11_DenoiseAlpha.uasset" 996
"../../../Engine/Plugins/NNE/NNEDenoiser/Content/NNE_oidn2-3-0_rt_hdr_alb_nrm_small__dyn__fp16_opset11_DenoiseAlpha.uexp" 997
"../../../Engine/Plugins/NNE/NNEDenoiser/Content/NNED_Oidn2-3_HighQuality_Alpha.uasset" 998
"../../../Engine/Plugins/NNE/NNEDenoiser/Content/NNED_Oidn2-3_HighQuality_Alpha.uexp" 999
"../../../Engine/Plugins/NNE/NNEDenoiser/Content/NNED_Oidn2-3_HighQuality.uasset" 1000
"../../../Engine/Plugins/NNE/NNEDenoiser/Content/NNED_Oidn2-3_HighQuality.uexp" 1001
"../../../Engine/Plugins/NNE/NNEDenoiser/Content/NNED_Oidn2-3_Fast_Alpha.uasset" 1002
"../../../Engine/Plugins/NNE/NNEDenoiser/Content/NNED_Oidn2-3_Fast_Alpha.uexp" 1003
"../../../Engine/Plugins/NNE/NNEDenoiser/Content/NNED_Oidn2-3_Fast.uasset" 1004
"../../../Engine/Plugins/NNE/NNEDenoiser/Content/NNED_Oidn2-3_Fast.uexp" 1005
"../../../Engine/Plugins/NNE/NNEDenoiser/Content/NNED_Oidn2-3_Balanced_Alpha.uasset" 1006
"../../../Engine/Plugins/NNE/NNEDenoiser/Content/NNED_Oidn2-3_Balanced_Alpha.uexp" 1007
"../../../Engine/Plugins/NNE/NNEDenoiser/Content/NNED_Oidn2-3_Balanced.uasset" 1008
"../../../Engine/Plugins/NNE/NNEDenoiser/Content/NNED_Oidn2-3_Balanced.uexp" 1009
"../../../Engine/Plugins/NNE/NNEDenoiser/Content/NNEDT_Oidn2-3_Balanced_Alpha.uasset" 1010
"../../../Engine/Plugins/NNE/NNEDenoiser/Content/NNEDT_Oidn2-3_Balanced_Alpha.uexp" 1011
"../../../Engine/Plugins/NNE/NNEDenoiser/Content/NNEDT_Oidn2-3_Balanced.uasset" 1012
"../../../Engine/Plugins/NNE/NNEDenoiser/Content/NNEDT_Oidn2-3_Balanced.uexp" 1013
"../../../Engine/Plugins/Animation/DeformerGraph/Content/Deformers/DG_LinearBlendSkin_Morph_Cloth_RecomputeNormals.uasset" 1014
"../../../Engine/Plugins/Animation/DeformerGraph/Content/Deformers/DG_LinearBlendSkin_Morph_Cloth_RecomputeNormals.uexp" 1015
"../../../Engine/Plugins/Animation/DeformerGraph/Content/Deformers/DG_LinearBlendSkin_Morph_Cloth.uasset" 1016
"../../../Engine/Plugins/Animation/DeformerGraph/Content/Deformers/DG_LinearBlendSkin_Morph_Cloth.uexp" 1017
"../../../Engine/Plugins/Animation/DeformerGraph/Content/DeformerFunctions/DG_Function_LinearBlendSkin_Morph_Cloth_PositionOnly.uasset" 1018
"../../../Engine/Plugins/Animation/DeformerGraph/Content/DeformerFunctions/DG_Function_LinearBlendSkin_Morph_Cloth_PositionOnly.uexp" 1019
"../../../Engine/Plugins/Animation/DeformerGraph/Content/DeformerFunctions/DG_Function_LinearBlendSkin_Morph_Cloth.uasset" 1020
"../../../Engine/Plugins/Animation/DeformerGraph/Content/DeformerFunctions/DG_Function_LinearBlendSkin_Morph_Cloth.uexp" 1021
"../../../Engine/Plugins/Animation/DeformerGraph/Content/DeformerFunctions/DG_Function_ComputeNormalsTangents.uasset" 1022
"../../../Engine/Plugins/Animation/DeformerGraph/Content/DeformerFunctions/DG_Function_ComputeNormalsTangents.uexp" 1023
"../../../Engine/Content/EngineResources/LandscapeVisibilityLayerInfo.uasset" 1024
"../../../Engine/Content/EngineResources/LandscapeVisibilityLayerInfo.uexp" 1025
"E:/Gamedev/MainPrj/AdvancedUI/Content/UI/Widgets/WBP_TemplateLayout.uasset" 1026
"E:/Gamedev/MainPrj/AdvancedUI/Content/UI/Widgets/WBP_TemplateLayout.uexp" 1027
"E:/Gamedev/MainPrj/AdvancedUI/Content/Assets/Fonts/Din/DIN.uexp" 1028
"E:/Gamedev/MainPrj/AdvancedUI/Content/Assets/Fonts/Din/DIN.uasset" 1029
"E:/Gamedev/MainPrj/AdvancedUI/Content/Assets/Fonts/Din/DIN.ufont" 1030
"E:/Gamedev/MainPrj/AdvancedUI/Content/Assets/Fonts/Din/DIN-Bold.uexp" 1031
"E:/Gamedev/MainPrj/AdvancedUI/Content/Assets/Fonts/Din/DIN-Bold.uasset" 1032
"E:/Gamedev/MainPrj/AdvancedUI/Content/Assets/Fonts/Din/DIN-Bold.ufont" 1033
"E:/Gamedev/MainPrj/AdvancedUI/Content/Assets/Fonts/Din/DIN-Black.uexp" 1034
"E:/Gamedev/MainPrj/AdvancedUI/Content/Assets/Fonts/Din/DIN-Black.uasset" 1035
"E:/Gamedev/MainPrj/AdvancedUI/Content/Assets/Fonts/Din/DIN-Black.ufont" 1036
"E:/Gamedev/MainPrj/AdvancedUI/Content/Assets/Fonts/Din/DIN-Medium.uexp" 1037
"E:/Gamedev/MainPrj/AdvancedUI/Content/Assets/Fonts/Din/DIN-Medium.uasset" 1038
"E:/Gamedev/MainPrj/AdvancedUI/Content/Assets/Fonts/Din/DIN-Medium.ufont" 1039
"E:/Gamedev/MainPrj/AdvancedUI/Content/Assets/Fonts/Din/DIN_Font.uasset" 1040
"E:/Gamedev/MainPrj/AdvancedUI/Content/Assets/Fonts/Din/DIN_Font.uexp" 1041
"E:/Gamedev/MainPrj/AdvancedUI/Content/UI/Styles/Texts/Style_ButtonDescription_Text.uasset" 1042
"E:/Gamedev/MainPrj/AdvancedUI/Content/UI/Styles/Texts/Style_ButtonDescription_Text.uexp" 1043
"E:/Gamedev/MainPrj/AdvancedUI/Content/UI/Widgets/WBP_Text_ButtonDescription.uasset" 1044
"E:/Gamedev/MainPrj/AdvancedUI/Content/UI/Widgets/WBP_Text_ButtonDescription.uexp" 1045
"../../../Engine/Content/VREditor/Sounds/UI/Flashlight_Switch.ubulk" 1046
"../../../Engine/Content/VREditor/Sounds/UI/Flashlight_Switch.uasset" 1047
"../../../Engine/Content/VREditor/Sounds/UI/Flashlight_Switch.uexp" 1048
"E:/Gamedev/MainPrj/AdvancedUI/Content/UI/Styles/Buttons/Style_Button_Clear.uasset" 1049
"E:/Gamedev/MainPrj/AdvancedUI/Content/UI/Styles/Buttons/Style_Button_Clear.uexp" 1050
"E:/Gamedev/MainPrj/AdvancedUI/Content/UI/Styles/Texts/Style_ActionsText.uasset" 1051
"E:/Gamedev/MainPrj/AdvancedUI/Content/UI/Styles/Texts/Style_ActionsText.uexp" 1052
"E:/Gamedev/MainPrj/AdvancedUI/Content/UI/Widgets/Buttons/WBP_ActionButton.uasset" 1053
"E:/Gamedev/MainPrj/AdvancedUI/Content/UI/Widgets/Buttons/WBP_ActionButton.uexp" 1054
"E:/Gamedev/MainPrj/AdvancedUI/Content/UI/Styles/Texts/SimpleText/Style_Text.uasset" 1055
"E:/Gamedev/MainPrj/AdvancedUI/Content/UI/Styles/Texts/SimpleText/Style_Text.uexp" 1056
"E:/Gamedev/MainPrj/AdvancedUI/Content/UI/Styles/Texts/SimpleText/Style_Text_Hovered.uasset" 1057
"E:/Gamedev/MainPrj/AdvancedUI/Content/UI/Styles/Texts/SimpleText/Style_Text_Hovered.uexp" 1058
"E:/Gamedev/MainPrj/AdvancedUI/Content/UI/Styles/Buttons/Style_Button_Menu_Clear.uasset" 1059
"E:/Gamedev/MainPrj/AdvancedUI/Content/UI/Styles/Buttons/Style_Button_Menu_Clear.uexp" 1060
"E:/Gamedev/MainPrj/AdvancedUI/Content/UI/Widgets/Buttons/WBP_ButtonDefault.uasset" 1061
"E:/Gamedev/MainPrj/AdvancedUI/Content/UI/Widgets/Buttons/WBP_ButtonDefault.uexp" 1062
"E:/Gamedev/MainPrj/AdvancedUI/Content/UI/Widgets/WBP_StoryScreen.uasset" 1063
"E:/Gamedev/MainPrj/AdvancedUI/Content/UI/Widgets/WBP_StoryScreen.uexp" 1064
"E:/Gamedev/MainPrj/AdvancedUI/Content/UI/Widgets/WBP_PressKey.uasset" 1065
"E:/Gamedev/MainPrj/AdvancedUI/Content/UI/Widgets/WBP_PressKey.uexp" 1066
"E:/Gamedev/MainPrj/AdvancedUI/Content/UI/Widgets/WBP_MainMenu_Activatable.uasset" 1067
"E:/Gamedev/MainPrj/AdvancedUI/Content/UI/Widgets/WBP_MainMenu_Activatable.uexp" 1068
"E:/Gamedev/MainPrj/AdvancedUI/Content/UI/Styles/Texts/ConfirmScreenText/Style_ComfirmScreen_Highlight.uasset" 1069
"E:/Gamedev/MainPrj/AdvancedUI/Content/UI/Styles/Texts/ConfirmScreenText/Style_ComfirmScreen_Highlight.uexp" 1070
"E:/Gamedev/MainPrj/AdvancedUI/Content/UI/Styles/Texts/ConfirmScreenText/Style_ComfirmScreen_Default.uasset" 1071
"E:/Gamedev/MainPrj/AdvancedUI/Content/UI/Styles/Texts/ConfirmScreenText/Style_ComfirmScreen_Default.uexp" 1072
"E:/Gamedev/MainPrj/AdvancedUI/Content/UI/Styles/Buttons/Style_Button_ConfirmScreen.uasset" 1073
"E:/Gamedev/MainPrj/AdvancedUI/Content/UI/Styles/Buttons/Style_Button_ConfirmScreen.uexp" 1074
"E:/Gamedev/MainPrj/AdvancedUI/Content/UI/Widgets/Buttons/WBP_ConfirmButton.uasset" 1075
"E:/Gamedev/MainPrj/AdvancedUI/Content/UI/Widgets/Buttons/WBP_ConfirmButton.uexp" 1076
"E:/Gamedev/MainPrj/AdvancedUI/Content/Assets/Textures/T_UI_Border_01.uasset" 1077
"E:/Gamedev/MainPrj/AdvancedUI/Content/Assets/Textures/T_UI_Border_01.uexp" 1078
"E:/Gamedev/MainPrj/AdvancedUI/Content/UI/Widgets/WBP_ConfirmScreen.uasset" 1079
"E:/Gamedev/MainPrj/AdvancedUI/Content/UI/Widgets/WBP_ConfirmScreen.uexp" 1080
"E:/Gamedev/MainPrj/AdvancedUI/Content/Assets/Textures/T_SimepleWhiteDot.uasset" 1081
"E:/Gamedev/MainPrj/AdvancedUI/Content/Assets/Textures/T_SimepleWhiteDot.uexp" 1082
"E:/Gamedev/MainPrj/AdvancedUI/Content/UI/Styles/Texts/ListEntryText/Style_Text_ListEntry_Default.uasset" 1083
"E:/Gamedev/MainPrj/AdvancedUI/Content/UI/Styles/Texts/ListEntryText/Style_Text_ListEntry_Default.uexp" 1084
"../../../Engine/Content/Functions/Engine_MaterialFunctions02/Utility/VectorToRadialValue.uasset" 1085
"../../../Engine/Content/Functions/Engine_MaterialFunctions02/Utility/VectorToRadialValue.uexp" 1086
"../../../Engine/Content/Functions/Engine_MaterialFunctions02/Math/TimeWithSpeedVariable.uasset" 1087
"../../../Engine/Content/Functions/Engine_MaterialFunctions02/Math/TimeWithSpeedVariable.uexp" 1088
"../../../Engine/Content/Functions/Engine_MaterialFunctions02/Utility/LinearSine.uasset" 1089
"../../../Engine/Content/Functions/Engine_MaterialFunctions02/Utility/LinearSine.uexp" 1090
"E:/Gamedev/MainPrj/AdvancedUI/Content/Assets/Materials/M_CircularThrobber.uasset" 1091
"E:/Gamedev/MainPrj/AdvancedUI/Content/Assets/Materials/M_CircularThrobber.uexp" 1092
"E:/Gamedev/MainPrj/AdvancedUI/Content/Assets/Materials/MI_AnimatedThrobber.uasset" 1093
"E:/Gamedev/MainPrj/AdvancedUI/Content/Assets/Materials/MI_AnimatedThrobber.uexp" 1094
"E:/Gamedev/MainPrj/AdvancedUI/Content/UI/Styles/Texts/SimpleText/Style_Text_BigAndBright.uasset" 1095
"E:/Gamedev/MainPrj/AdvancedUI/Content/UI/Styles/Texts/SimpleText/Style_Text_BigAndBright.uexp" 1096
"E:/Gamedev/MainPrj/AdvancedUI/Content/UI/Widgets/WBP_LoadingScreen.uasset" 1097
"E:/Gamedev/MainPrj/AdvancedUI/Content/UI/Widgets/WBP_LoadingScreen.uexp" 1098
"E:/Gamedev/MainPrj/AdvancedUI/Content/UI/Styles/Texts/DT_RichTextStyle_OptionsScreen.uasset" 1099
"E:/Gamedev/MainPrj/AdvancedUI/Content/UI/Styles/Texts/DT_RichTextStyle_OptionsScreen.uexp" 1100
"E:/Gamedev/MainPrj/AdvancedUI/Content/UI/Widgets/Options/WBP_Options_KeyRemapScreen.uasset" 1101
"E:/Gamedev/MainPrj/AdvancedUI/Content/UI/Widgets/Options/WBP_Options_KeyRemapScreen.uexp" 1102
"../../../Engine/Content/VREditor/Devices/Vive/UE4_Logo.ubulk" 1103
"../../../Engine/Content/VREditor/Devices/Vive/UE4_Logo.uasset" 1104
"../../../Engine/Content/VREditor/Devices/Vive/UE4_Logo.uexp" 1105
"E:/Gamedev/MainPrj/AdvancedUI/Content/UI/Widgets/Options/WBP_OptionsDetailsView.uasset" 1106
"E:/Gamedev/MainPrj/AdvancedUI/Content/UI/Widgets/Options/WBP_OptionsDetailsView.uexp" 1107
"E:/Gamedev/MainPrj/AdvancedUI/Content/UI/Widgets/Options/WBP_OptionsTabList.uasset" 1108
"E:/Gamedev/MainPrj/AdvancedUI/Content/UI/Widgets/Options/WBP_OptionsTabList.uexp" 1109
"E:/Gamedev/MainPrj/AdvancedUI/Content/UI/Widgets/Options/ListEnties/SizeBoxListEntry.uasset" 1110
"E:/Gamedev/MainPrj/AdvancedUI/Content/UI/Widgets/Options/ListEnties/SizeBoxListEntry.uexp" 1111
"E:/Gamedev/MainPrj/AdvancedUI/Content/UI/Widgets/Options/ListEnties/WBP_ListEntry_InvalidRow.uasset" 1112
"E:/Gamedev/MainPrj/AdvancedUI/Content/UI/Widgets/Options/ListEnties/WBP_ListEntry_InvalidRow.uexp" 1113
"E:/Gamedev/MainPrj/AdvancedUI/Content/UI/Widgets/Buttons/WBP_Button_Image.uasset" 1114
"E:/Gamedev/MainPrj/AdvancedUI/Content/UI/Widgets/Buttons/WBP_Button_Image.uexp" 1115
"E:/Gamedev/MainPrj/AdvancedUI/Content/UI/Styles/Buttons/Style_Button_ClearNoSound.uasset" 1116
"E:/Gamedev/MainPrj/AdvancedUI/Content/UI/Styles/Buttons/Style_Button_ClearNoSound.uexp" 1117
"E:/Gamedev/MainPrj/AdvancedUI/Content/UI/Widgets/Buttons/WBP_OptionsRotator.uasset" 1118
"E:/Gamedev/MainPrj/AdvancedUI/Content/UI/Widgets/Buttons/WBP_OptionsRotator.uexp" 1119
"E:/Gamedev/MainPrj/AdvancedUI/Content/UI/Styles/Texts/ListEntryText/Style_Text_ListEntry_Highlight.uasset" 1120
"E:/Gamedev/MainPrj/AdvancedUI/Content/UI/Styles/Texts/ListEntryText/Style_Text_ListEntry_Highlight.uexp" 1121
"E:/Gamedev/MainPrj/AdvancedUI/Content/UI/Widgets/Options/ListEnties/WBP_ListEntry_String.uasset" 1122
"E:/Gamedev/MainPrj/AdvancedUI/Content/UI/Widgets/Options/ListEnties/WBP_ListEntry_String.uexp" 1123
"E:/Gamedev/MainPrj/AdvancedUI/Content/Assets/Textures/T_SliderBar.uasset" 1124
"E:/Gamedev/MainPrj/AdvancedUI/Content/Assets/Textures/T_SliderBar.uexp" 1125
"E:/Gamedev/MainPrj/AdvancedUI/Content/Assets/Textures/T_SliderHandle.uasset" 1126
"E:/Gamedev/MainPrj/AdvancedUI/Content/Assets/Textures/T_SliderHandle.uexp" 1127
"E:/Gamedev/MainPrj/AdvancedUI/Content/UI/Widgets/Options/ListEnties/WBP_ListEntry_Scalar.uasset" 1128
"E:/Gamedev/MainPrj/AdvancedUI/Content/UI/Widgets/Options/ListEnties/WBP_ListEntry_Scalar.uexp" 1129
"E:/Gamedev/MainPrj/AdvancedUI/Content/Assets/Textures/T_HeaderLine2.uasset" 1130
"E:/Gamedev/MainPrj/AdvancedUI/Content/Assets/Textures/T_HeaderLine2.uexp" 1131
"E:/Gamedev/MainPrj/AdvancedUI/Content/UI/Styles/Texts/ListEntryText/Style_Text_ListEntry_Header.uasset" 1132
"E:/Gamedev/MainPrj/AdvancedUI/Content/UI/Styles/Texts/ListEntryText/Style_Text_ListEntry_Header.uexp" 1133
"E:/Gamedev/MainPrj/AdvancedUI/Content/UI/Widgets/Options/ListEnties/WBP_ListEntry_Header.uasset" 1134
"E:/Gamedev/MainPrj/AdvancedUI/Content/UI/Widgets/Options/ListEnties/WBP_ListEntry_Header.uexp" 1135
"E:/Gamedev/MainPrj/AdvancedUI/Content/UI/Widgets/Options/ListEnties/WBP_ListEntry_KeyRemap.uasset" 1136
"E:/Gamedev/MainPrj/AdvancedUI/Content/UI/Widgets/Options/ListEnties/WBP_ListEntry_KeyRemap.uexp" 1137
"E:/Gamedev/MainPrj/AdvancedUI/Content/UI/Widgets/Options/DataAssets/DA_DataListEntryMapping.uasset" 1138
"E:/Gamedev/MainPrj/AdvancedUI/Content/UI/Widgets/Options/DataAssets/DA_DataListEntryMapping.uexp" 1139
"E:/Gamedev/MainPrj/AdvancedUI/Content/UI/Widgets/Options/WBP_OptionsScreen.uasset" 1140
"E:/Gamedev/MainPrj/AdvancedUI/Content/UI/Widgets/Options/WBP_OptionsScreen.uexp" 1141
"../../../Engine/Content/Maps/Entry_BuiltData.uasset" 1142
"../../../Engine/Content/Maps/Entry_BuiltData.uexp" 1143
"../../../Engine/Content/Maps/Entry.uexp" 1144
"../../../Engine/Content/Maps/Entry.umap" 1145
"../../../Engine/Content/BasicShapes/Plane.ubulk" 1146
"../../../Engine/Content/BasicShapes/Plane.uasset" 1147
"../../../Engine/Content/BasicShapes/Plane.uexp" 1148
"../../../Engine/Content/Animation/DefaultAnimCurveCompressionSettings.uasset" 1149
"../../../Engine/Content/Animation/DefaultAnimCurveCompressionSettings.uexp" 1150
"../../../Engine/Content/Animation/DefaultVariableFrameStrippingSettings.uasset" 1151
"../../../Engine/Content/Animation/DefaultVariableFrameStrippingSettings.uexp" 1152
"E:/Gamedev/MainPrj/AdvancedUI/Content/Assets/LevelVisuals/Characters/Meshes/SK_Mannequin.uasset" 1153
"E:/Gamedev/MainPrj/AdvancedUI/Content/Assets/LevelVisuals/Characters/Meshes/SK_Mannequin.uexp" 1154
"../../../Engine/Content/Animation/DefaultAnimBoneCompressionSettings.uasset" 1155
"../../../Engine/Content/Animation/DefaultAnimBoneCompressionSettings.uexp" 1156
"E:/Gamedev/MainPrj/AdvancedUI/Content/Assets/LevelVisuals/Characters/Mannequins/Animations/Manny/MM_Idle.uasset" 1157
"E:/Gamedev/MainPrj/AdvancedUI/Content/Assets/LevelVisuals/Characters/Mannequins/Animations/Manny/MM_Idle.uexp" 1158
"E:/Gamedev/MainPrj/AdvancedUI/Content/Assets/LevelVisuals/Characters/Mannequins/Rigs/PA_Mannequin.uasset" 1159
"E:/Gamedev/MainPrj/AdvancedUI/Content/Assets/LevelVisuals/Characters/Mannequins/Rigs/PA_Mannequin.uexp" 1160
"E:/Gamedev/MainPrj/AdvancedUI/Content/Assets/LevelVisuals/Characters/Mannequins/Textures/Quinn/T_Quinn_02ID_N.ubulk" 1161
"E:/Gamedev/MainPrj/AdvancedUI/Content/Assets/LevelVisuals/Characters/Mannequins/Textures/Quinn/T_Quinn_02ID_N.uasset" 1162
"E:/Gamedev/MainPrj/AdvancedUI/Content/Assets/LevelVisuals/Characters/Mannequins/Textures/Quinn/T_Quinn_02ID_N.uexp" 1163
"E:/Gamedev/MainPrj/AdvancedUI/Content/Assets/LevelVisuals/Characters/Mannequins/Textures/Quinn/T_Quinn_02ID_D.ubulk" 1164
"E:/Gamedev/MainPrj/AdvancedUI/Content/Assets/LevelVisuals/Characters/Mannequins/Textures/Quinn/T_Quinn_02ID_D.uasset" 1165
"E:/Gamedev/MainPrj/AdvancedUI/Content/Assets/LevelVisuals/Characters/Mannequins/Textures/Quinn/T_Quinn_02ID_D.uexp" 1166
"E:/Gamedev/MainPrj/AdvancedUI/Content/Assets/LevelVisuals/Characters/Mannequins/Textures/Quinn/T_Quinn_02_CCRCCPlastic_MSK.ubulk" 1167
"E:/Gamedev/MainPrj/AdvancedUI/Content/Assets/LevelVisuals/Characters/Mannequins/Textures/Quinn/T_Quinn_02_CCRCCPlastic_MSK.uasset" 1168
"E:/Gamedev/MainPrj/AdvancedUI/Content/Assets/LevelVisuals/Characters/Mannequins/Textures/Quinn/T_Quinn_02_CCRCCPlastic_MSK.uexp" 1169
"E:/Gamedev/MainPrj/AdvancedUI/Content/Assets/LevelVisuals/Characters/Mannequins/Textures/Quinn/T_Quinn_02_ASAOMASK_MSK.ubulk" 1170
"E:/Gamedev/MainPrj/AdvancedUI/Content/Assets/LevelVisuals/Characters/Mannequins/Textures/Quinn/T_Quinn_02_ASAOMASK_MSK.uasset" 1171
"E:/Gamedev/MainPrj/AdvancedUI/Content/Assets/LevelVisuals/Characters/Mannequins/Textures/Quinn/T_Quinn_02_ASAOMASK_MSK.uexp" 1172
"E:/Gamedev/MainPrj/AdvancedUI/Content/Assets/LevelVisuals/Characters/Mannequins/Textures/Quinn/T_Quinn_02ID_MSR_MSK.ubulk" 1173
"E:/Gamedev/MainPrj/AdvancedUI/Content/Assets/LevelVisuals/Characters/Mannequins/Textures/Quinn/T_Quinn_02ID_MSR_MSK.uasset" 1174
"E:/Gamedev/MainPrj/AdvancedUI/Content/Assets/LevelVisuals/Characters/Mannequins/Textures/Quinn/T_Quinn_02ID_MSR_MSK.uexp" 1175
"E:/Gamedev/MainPrj/AdvancedUI/Content/Assets/LevelVisuals/Characters/Mannequins/Textures/Quinn/T_Quinn_02ID_Tan.ubulk" 1176
"E:/Gamedev/MainPrj/AdvancedUI/Content/Assets/LevelVisuals/Characters/Mannequins/Textures/Quinn/T_Quinn_02ID_Tan.uasset" 1177
"E:/Gamedev/MainPrj/AdvancedUI/Content/Assets/LevelVisuals/Characters/Mannequins/Textures/Quinn/T_Quinn_02ID_Tan.uexp" 1178
"E:/Gamedev/MainPrj/AdvancedUI/Content/Assets/LevelVisuals/Characters/Mannequins/Textures/Quinn/T_Quinn_01_ASAOMASK_MSK.ubulk" 1179
"E:/Gamedev/MainPrj/AdvancedUI/Content/Assets/LevelVisuals/Characters/Mannequins/Textures/Quinn/T_Quinn_01_ASAOMASK_MSK.uasset" 1180
"E:/Gamedev/MainPrj/AdvancedUI/Content/Assets/LevelVisuals/Characters/Mannequins/Textures/Quinn/T_Quinn_01_ASAOMASK_MSK.uexp" 1181
"E:/Gamedev/MainPrj/AdvancedUI/Content/Assets/LevelVisuals/Characters/Mannequins/Textures/Quinn/T_Quinn_01ID_D.ubulk" 1182
"E:/Gamedev/MainPrj/AdvancedUI/Content/Assets/LevelVisuals/Characters/Mannequins/Textures/Quinn/T_Quinn_01ID_D.uasset" 1183
"E:/Gamedev/MainPrj/AdvancedUI/Content/Assets/LevelVisuals/Characters/Mannequins/Textures/Quinn/T_Quinn_01ID_D.uexp" 1184
"E:/Gamedev/MainPrj/AdvancedUI/Content/Assets/LevelVisuals/Characters/Mannequins/Textures/Quinn/T_Quinn_01_CCRCCPlastic_MSK.ubulk" 1185
"E:/Gamedev/MainPrj/AdvancedUI/Content/Assets/LevelVisuals/Characters/Mannequins/Textures/Quinn/T_Quinn_01_CCRCCPlastic_MSK.uasset" 1186
"E:/Gamedev/MainPrj/AdvancedUI/Content/Assets/LevelVisuals/Characters/Mannequins/Textures/Quinn/T_Quinn_01_CCRCCPlastic_MSK.uexp" 1187
"E:/Gamedev/MainPrj/AdvancedUI/Content/Assets/LevelVisuals/Characters/Mannequins/Textures/Quinn/T_Quinn_01ID_BN.ubulk" 1188
"E:/Gamedev/MainPrj/AdvancedUI/Content/Assets/LevelVisuals/Characters/Mannequins/Textures/Quinn/T_Quinn_01ID_BN.uasset" 1189
"E:/Gamedev/MainPrj/AdvancedUI/Content/Assets/LevelVisuals/Characters/Mannequins/Textures/Quinn/T_Quinn_01ID_BN.uexp" 1190
"E:/Gamedev/MainPrj/AdvancedUI/Content/Assets/LevelVisuals/Characters/Mannequins/Textures/Quinn/T_Quinn_01ID_Tan.ubulk" 1191
"E:/Gamedev/MainPrj/AdvancedUI/Content/Assets/LevelVisuals/Characters/Mannequins/Textures/Quinn/T_Quinn_01ID_Tan.uasset" 1192
"E:/Gamedev/MainPrj/AdvancedUI/Content/Assets/LevelVisuals/Characters/Mannequins/Textures/Quinn/T_Quinn_01ID_Tan.uexp" 1193
"E:/Gamedev/MainPrj/AdvancedUI/Content/Assets/LevelVisuals/Characters/Mannequins/Textures/Quinn/T_Quinn_01ID_MSR_MSK.ubulk" 1194
"E:/Gamedev/MainPrj/AdvancedUI/Content/Assets/LevelVisuals/Characters/Mannequins/Textures/Quinn/T_Quinn_01ID_MSR_MSK.uasset" 1195
"E:/Gamedev/MainPrj/AdvancedUI/Content/Assets/LevelVisuals/Characters/Mannequins/Textures/Quinn/T_Quinn_01ID_MSR_MSK.uexp" 1196
"E:/Gamedev/MainPrj/AdvancedUI/Content/Assets/LevelVisuals/Characters/Mannequins/Textures/Quinn/T_Quinn_01ID_N.ubulk" 1197
"E:/Gamedev/MainPrj/AdvancedUI/Content/Assets/LevelVisuals/Characters/Mannequins/Textures/Quinn/T_Quinn_01ID_N.uasset" 1198
"E:/Gamedev/MainPrj/AdvancedUI/Content/Assets/LevelVisuals/Characters/Mannequins/Textures/Quinn/T_Quinn_01ID_N.uexp" 1199
"E:/Gamedev/MainPrj/AdvancedUI/Content/Assets/LevelVisuals/Characters/Mannequins/Textures/Manny/T_Manny_01_N.ubulk" 1200
"E:/Gamedev/MainPrj/AdvancedUI/Content/Assets/LevelVisuals/Characters/Mannequins/Textures/Manny/T_Manny_01_N.uasset" 1201
"E:/Gamedev/MainPrj/AdvancedUI/Content/Assets/LevelVisuals/Characters/Mannequins/Textures/Manny/T_Manny_01_N.uexp" 1202
"E:/Gamedev/MainPrj/AdvancedUI/Content/Assets/LevelVisuals/Characters/Mannequins/Textures/Manny/T_Manny_01_ASAOPMASK_MSK.ubulk" 1203
"E:/Gamedev/MainPrj/AdvancedUI/Content/Assets/LevelVisuals/Characters/Mannequins/Textures/Manny/T_Manny_01_ASAOPMASK_MSK.uasset" 1204
"E:/Gamedev/MainPrj/AdvancedUI/Content/Assets/LevelVisuals/Characters/Mannequins/Textures/Manny/T_Manny_01_ASAOPMASK_MSK.uexp" 1205
"E:/Gamedev/MainPrj/AdvancedUI/Content/Assets/LevelVisuals/Characters/Mannequins/Textures/Manny/T_Manny_01_CCRCCPlastic_MSK.ubulk" 1206
"E:/Gamedev/MainPrj/AdvancedUI/Content/Assets/LevelVisuals/Characters/Mannequins/Textures/Manny/T_Manny_01_CCRCCPlastic_MSK.uasset" 1207
"E:/Gamedev/MainPrj/AdvancedUI/Content/Assets/LevelVisuals/Characters/Mannequins/Textures/Manny/T_Manny_01_CCRCCPlastic_MSK.uexp" 1208
"E:/Gamedev/MainPrj/AdvancedUI/Content/Assets/LevelVisuals/Characters/Mannequins/Textures/Shared/T_UE_Logo_M.uasset" 1209
"E:/Gamedev/MainPrj/AdvancedUI/Content/Assets/LevelVisuals/Characters/Mannequins/Textures/Shared/T_UE_Logo_M.uexp" 1210
"E:/Gamedev/MainPrj/AdvancedUI/Content/Assets/LevelVisuals/Characters/Mannequins/Materials/Functions/ChromaticCurve.uasset" 1211
"E:/Gamedev/MainPrj/AdvancedUI/Content/Assets/LevelVisuals/Characters/Mannequins/Materials/Functions/ChromaticCurve.uexp" 1212
"E:/Gamedev/MainPrj/AdvancedUI/Content/Assets/LevelVisuals/Characters/Mannequins/Materials/Functions/CA_Mannequin.uasset" 1213
"E:/Gamedev/MainPrj/AdvancedUI/Content/Assets/LevelVisuals/Characters/Mannequins/Materials/Functions/CA_Mannequin.uexp" 1214
"E:/Gamedev/MainPrj/AdvancedUI/Content/Assets/LevelVisuals/Characters/Mannequins/Textures/Manny/T_Manny_01_BN.ubulk" 1215
"E:/Gamedev/MainPrj/AdvancedUI/Content/Assets/LevelVisuals/Characters/Mannequins/Textures/Manny/T_Manny_01_BN.uasset" 1216
"E:/Gamedev/MainPrj/AdvancedUI/Content/Assets/LevelVisuals/Characters/Mannequins/Textures/Manny/T_Manny_01_BN.uexp" 1217
"E:/Gamedev/MainPrj/AdvancedUI/Content/Assets/LevelVisuals/Characters/Mannequins/Textures/Manny/T_Manny_01_MSR_MSK.ubulk" 1218
"E:/Gamedev/MainPrj/AdvancedUI/Content/Assets/LevelVisuals/Characters/Mannequins/Textures/Manny/T_Manny_01_MSR_MSK.uasset" 1219
"E:/Gamedev/MainPrj/AdvancedUI/Content/Assets/LevelVisuals/Characters/Mannequins/Textures/Manny/T_Manny_01_MSR_MSK.uexp" 1220
"E:/Gamedev/MainPrj/AdvancedUI/Content/Assets/LevelVisuals/Characters/Mannequins/Materials/Functions/MF_logo3layers.uasset" 1221
"E:/Gamedev/MainPrj/AdvancedUI/Content/Assets/LevelVisuals/Characters/Mannequins/Materials/Functions/MF_logo3layers.uexp" 1222
"E:/Gamedev/MainPrj/AdvancedUI/Content/Assets/LevelVisuals/Characters/Mannequins/Materials/Functions/ML_BaseColorFallOff.uasset" 1223
"E:/Gamedev/MainPrj/AdvancedUI/Content/Assets/LevelVisuals/Characters/Mannequins/Materials/Functions/ML_BaseColorFallOff.uexp" 1224
"E:/Gamedev/MainPrj/AdvancedUI/Content/Assets/LevelVisuals/Characters/Mannequins/Textures/Manny/T_Manny_01_Tan.ubulk" 1225
"E:/Gamedev/MainPrj/AdvancedUI/Content/Assets/LevelVisuals/Characters/Mannequins/Textures/Manny/T_Manny_01_Tan.uasset" 1226
"E:/Gamedev/MainPrj/AdvancedUI/Content/Assets/LevelVisuals/Characters/Mannequins/Textures/Manny/T_Manny_01_Tan.uexp" 1227
"E:/Gamedev/MainPrj/AdvancedUI/Content/Assets/LevelVisuals/Characters/Mannequins/Textures/Manny/T_Manny_01_D.ubulk" 1228
"E:/Gamedev/MainPrj/AdvancedUI/Content/Assets/LevelVisuals/Characters/Mannequins/Textures/Manny/T_Manny_01_D.uasset" 1229
"E:/Gamedev/MainPrj/AdvancedUI/Content/Assets/LevelVisuals/Characters/Mannequins/Textures/Manny/T_Manny_01_D.uexp" 1230
"E:/Gamedev/MainPrj/AdvancedUI/Content/Assets/LevelVisuals/Characters/Mannequins/Materials/Functions/MF_Diffraction.uasset" 1231
"E:/Gamedev/MainPrj/AdvancedUI/Content/Assets/LevelVisuals/Characters/Mannequins/Materials/Functions/MF_Diffraction.uexp" 1232
"E:/Gamedev/MainPrj/AdvancedUI/Content/Assets/LevelVisuals/Characters/Mannequins/Materials/M_Mannequin.uasset" 1233
"E:/Gamedev/MainPrj/AdvancedUI/Content/Assets/LevelVisuals/Characters/Mannequins/Materials/M_Mannequin.uexp" 1234
"E:/Gamedev/MainPrj/AdvancedUI/Content/Assets/LevelVisuals/Characters/Mannequins/Materials/Instances/Quinn/MI_Quinn_01.uasset" 1235
"E:/Gamedev/MainPrj/AdvancedUI/Content/Assets/LevelVisuals/Characters/Mannequins/Materials/Instances/Quinn/MI_Quinn_01.uexp" 1236
"E:/Gamedev/MainPrj/AdvancedUI/Content/Assets/LevelVisuals/Characters/Mannequins/Textures/Quinn/T_Quinn_02ID_BN.ubulk" 1237
"E:/Gamedev/MainPrj/AdvancedUI/Content/Assets/LevelVisuals/Characters/Mannequins/Textures/Quinn/T_Quinn_02ID_BN.uasset" 1238
"E:/Gamedev/MainPrj/AdvancedUI/Content/Assets/LevelVisuals/Characters/Mannequins/Textures/Quinn/T_Quinn_02ID_BN.uexp" 1239
"E:/Gamedev/MainPrj/AdvancedUI/Content/Assets/LevelVisuals/Characters/Mannequins/Materials/Instances/Quinn/MI_Quinn_02.uasset" 1240
"E:/Gamedev/MainPrj/AdvancedUI/Content/Assets/LevelVisuals/Characters/Mannequins/Materials/Instances/Quinn/MI_Quinn_02.uexp" 1241
"E:/Gamedev/MainPrj/AdvancedUI/Content/Assets/LevelVisuals/Characters/Meshes/SKM_Quinn_Simple.uasset" 1242
"E:/Gamedev/MainPrj/AdvancedUI/Content/Assets/LevelVisuals/Characters/Meshes/SKM_Quinn_Simple.uexp" 1243
"E:/Gamedev/MainPrj/AdvancedUI/Content/Assets/LevelVisuals/T_Grid_Crosses.ubulk" 1244
"E:/Gamedev/MainPrj/AdvancedUI/Content/Assets/LevelVisuals/T_Grid_Crosses.uasset" 1245
"E:/Gamedev/MainPrj/AdvancedUI/Content/Assets/LevelVisuals/T_Grid_Crosses.uexp" 1246
"../../../Engine/Content/Functions/Engine_MaterialFunctions01/Gradient/LinearGradient.uasset" 1247
"../../../Engine/Content/Functions/Engine_MaterialFunctions01/Gradient/LinearGradient.uexp" 1248
"../../../Engine/Content/Functions/Engine_MaterialFunctions01/ImageAdjustment/CheapContrast.uasset" 1249
"../../../Engine/Content/Functions/Engine_MaterialFunctions01/ImageAdjustment/CheapContrast.uexp" 1250
"../../../Engine/Content/EngineMaterials/DefaultNormal_Uncompressed.ubulk" 1251
"../../../Engine/Content/EngineMaterials/DefaultNormal_Uncompressed.uasset" 1252
"../../../Engine/Content/EngineMaterials/DefaultNormal_Uncompressed.uexp" 1253
"../../../Engine/Content/Functions/Engine_MaterialFunctions02/Math/CreateThirdOrthogonalVector.uasset" 1254
"../../../Engine/Content/Functions/Engine_MaterialFunctions02/Math/CreateThirdOrthogonalVector.uexp" 1255
"../../../Engine/Content/Functions/Engine_MaterialFunctions02/WorldAlignedNormals_HighQuality.uasset" 1256
"../../../Engine/Content/Functions/Engine_MaterialFunctions02/WorldAlignedNormals_HighQuality.uexp" 1257
"../../../Engine/Content/Functions/Engine_MaterialFunctions01/Texturing/WorldAlignedNormal.uasset" 1258
"../../../Engine/Content/Functions/Engine_MaterialFunctions01/Texturing/WorldAlignedNormal.uexp" 1259
"E:/Gamedev/MainPrj/AdvancedUI/Content/Assets/LevelVisuals/T_Paint_Glossiness.ubulk" 1260
"E:/Gamedev/MainPrj/AdvancedUI/Content/Assets/LevelVisuals/T_Paint_Glossiness.uasset" 1261
"E:/Gamedev/MainPrj/AdvancedUI/Content/Assets/LevelVisuals/T_Paint_Glossiness.uexp" 1262
"E:/Gamedev/MainPrj/AdvancedUI/Content/Assets/LevelVisuals/T_Hologrid.ubulk" 1263
"E:/Gamedev/MainPrj/AdvancedUI/Content/Assets/LevelVisuals/T_Hologrid.uasset" 1264
"E:/Gamedev/MainPrj/AdvancedUI/Content/Assets/LevelVisuals/T_Hologrid.uexp" 1265
"E:/Gamedev/MainPrj/AdvancedUI/Content/Assets/LevelVisuals/T_Paint_Normal.ubulk" 1266
"E:/Gamedev/MainPrj/AdvancedUI/Content/Assets/LevelVisuals/T_Paint_Normal.uasset" 1267
"E:/Gamedev/MainPrj/AdvancedUI/Content/Assets/LevelVisuals/T_Paint_Normal.uexp" 1268
"E:/Gamedev/MainPrj/AdvancedUI/Content/Assets/LevelVisuals/T_Paint_Diffuse.ubulk" 1269
"E:/Gamedev/MainPrj/AdvancedUI/Content/Assets/LevelVisuals/T_Paint_Diffuse.uasset" 1270
"E:/Gamedev/MainPrj/AdvancedUI/Content/Assets/LevelVisuals/T_Paint_Diffuse.uexp" 1271
"../../../Engine/Content/Functions/Engine_MaterialFunctions01/Texturing/WorldAlignedTexture.uasset" 1272
"../../../Engine/Content/Functions/Engine_MaterialFunctions01/Texturing/WorldAlignedTexture.uexp" 1273
"E:/Gamedev/MainPrj/AdvancedUI/Content/Assets/LevelVisuals/M_FloorMaster.uasset" 1274
"E:/Gamedev/MainPrj/AdvancedUI/Content/Assets/LevelVisuals/M_FloorMaster.uexp" 1275
"E:/Gamedev/MainPrj/AdvancedUI/Content/Assets/LevelVisuals/MI_Floor.uasset" 1276
"E:/Gamedev/MainPrj/AdvancedUI/Content/Assets/LevelVisuals/MI_Floor.uexp" 1277
"E:/Gamedev/MainPrj/AdvancedUI/Content/Input/Actions/IA_Jump.uasset" 1278
"E:/Gamedev/MainPrj/AdvancedUI/Content/Input/Actions/IA_Jump.uexp" 1279
"E:/Gamedev/MainPrj/AdvancedUI/Content/Input/Actions/IA_Interact.uasset" 1280
"E:/Gamedev/MainPrj/AdvancedUI/Content/Input/Actions/IA_Interact.uexp" 1281
"E:/Gamedev/MainPrj/AdvancedUI/Content/Input/Actions/IA_Fire.uasset" 1282
"E:/Gamedev/MainPrj/AdvancedUI/Content/Input/Actions/IA_Fire.uexp" 1283
"E:/Gamedev/MainPrj/AdvancedUI/Content/Input/Actions/IA_Aim.uasset" 1284
"E:/Gamedev/MainPrj/AdvancedUI/Content/Input/Actions/IA_Aim.uexp" 1285
"E:/Gamedev/MainPrj/AdvancedUI/Content/Input/Actions/IA_Melee.uasset" 1286
"E:/Gamedev/MainPrj/AdvancedUI/Content/Input/Actions/IA_Melee.uexp" 1287
"E:/Gamedev/MainPrj/AdvancedUI/Content/Input/IMC_Default.uasset" 1288
"E:/Gamedev/MainPrj/AdvancedUI/Content/Input/IMC_Default.uexp" 1289
"E:/Gamedev/MainPrj/AdvancedUI/Content/UI/Widgets/WBP_PrimaryLayout.uasset" 1290
"E:/Gamedev/MainPrj/AdvancedUI/Content/UI/Widgets/WBP_PrimaryLayout.uexp" 1291
"E:/Gamedev/MainPrj/AdvancedUI/Content/Blueprints/Game/BP_PlayerController.uasset" 1292
"E:/Gamedev/MainPrj/AdvancedUI/Content/Blueprints/Game/BP_PlayerController.uexp" 1293
"E:/Gamedev/MainPrj/AdvancedUI/Content/Blueprints/Game/BP_GameMode.uasset" 1294
"E:/Gamedev/MainPrj/AdvancedUI/Content/Blueprints/Game/BP_GameMode.uexp" 1295
"E:/Gamedev/MainPrj/AdvancedUI/Content/Assets/LevelVisuals/T_sky_01_8k.uasset" 1296
"E:/Gamedev/MainPrj/AdvancedUI/Content/Assets/LevelVisuals/T_sky_01_8k.uexp" 1297
"E:/Gamedev/MainPrj/AdvancedUI/Content/Assets/LevelVisuals/BP_LevelVisuals.uasset" 1298
"E:/Gamedev/MainPrj/AdvancedUI/Content/Assets/LevelVisuals/BP_LevelVisuals.uexp" 1299
"E:/Gamedev/MainPrj/AdvancedUI/Content/MenuMap.uexp" 1300
"E:/Gamedev/MainPrj/AdvancedUI/Content/MenuMap.umap" 1301
